骻,nhb,1
背,nhb,1
腕,nhb,1
胆,nhb,1
腦,nhb,1
颌,nhb,1
胝,nhb,1
頜,nhb,1
髋,nhb,1
肩,nhb,1
腰,nhb,1
肋,nhb,1
臂,nhb,1
龅,nhb,1
胯,nhb,1
颚,nhb,1
肺,nhb,1
骶,nhb,1
臗,nhb,1
脚,nhb,1
耳,nhb,1
尿,nhb,1
腱,nhb,1
足,nhb,1
手,nhb,1
踭,nhb,1
掌,nhb,1
身,nhb,1
胸,nhb,1
眶,nhb,1
额,nhb,1
喙,nhb,1
胁,nhb,1
肢,nhb,1
脐,nhb,1
胳,nhb,1
唇,nhb,1
心,nhb,1
肝,nhb,1
腋,nhb,1
腭,nhb,1
筋,nhb,1
肠,nhb,1
股,nhb,1
胪,nhb,1
腚,nhb,1
髌,nhb,1
髁,nhb,1
颈,nhb,1
拳,nhb,1
窦,nhb,1
头,nhb,1
指,nhb,1
眦,nhb,1
胫,nhb,1
肱,nhb,1
骨,nhb,1
睥,nhb,1
肾,nhb,1
骼,nhb,1
牙,nhb,1
皮,nhb,1
腹,nhb,1
骺,nhb,1
趾,nhb,1
咽,nhb,1
腓,nhb,1
颔,nhb,1
齿,nhb,1
髂,nhb,1
肌,nhb,1
腂,nhb,1
肛,nhb,1
喉,nhb,1
舌,nhb,1
筯,nhb,1
颅,nhb,1
腿,nhb,1
耵,nhb,1
踝,nhb,1
臀,nhb,1
肘,nhb,1
颞,nhb,1
脖,nhb,1
鄂,nhb,1
颊,nhb,1
腘,nhb,1
腮,nhb,1
胃,nhb,1
胰,nhb,1
脸,nhb,1
嘴,nhb,1
腔,nhb,1
腺,nhb,1
囗,nhb,1
脑,nhb,1
肚,nhb,1
眉,nhb,1
鼻,nhb,1
椎,nhb,1
脊,nhb,1
睑,nhb,1
脾,nhb,1
膝,nhb,1
口,nhb,1
眼,nhb,1
苔,nhb,1
胰液,nhb,1
眼窝,nhb,1
双肺,nhb,1
眼白,nhb,1
舌筋,nhb,1
胎膜,nhb,1
肋膜,nhb,1
指骨,nhb,1
鼻丘,nhb,1
腋毛,nhb,1
勃子,nhb,1
盲肠,nhb,1
肩窝,nhb,1
汗毛,nhb,1
咽内,nhb,1
贲门,nhb,1
脐周,nhb,1
胎脂,nhb,1
脑门,nhb,1
面骨,nhb,1
胰脏,nhb,1
乳齿,nhb,1
背脊,nhb,1
肺根,nhb,1
舌部,nhb,1
结肠,nhb,1
腰骶,nhb,1
双腿,nhb,1
全腹,nhb,1
脂肪,nhb,1
胃子,nhb,1
中耳,nhb,1
足缘,nhb,1
膝眼,nhb,1
宫底,nhb,1
纵膈,nhb,1
心肺,nhb,1
颈部,nhb,1
腔门,nhb,1
大臂,nhb,1
额窦,nhb,1
胃尖,nhb,1
幻肢,nhb,1
喉嚨,nhb,1
骨壁,nhb,1
两眼,nhb,1
肾区,nhb,1
肾窦,nhb,1
韧带,nhb,1
双耳,nhb,1
槽牙,nhb,1
泪管,nhb,1
楔束,nhb,1
宮腔,nhb,1
粪便,nhb,1
眼底,nhb,1
脚腕,nhb,1
鼻孔,nhb,1
眼瞳,nhb,1
嗓子,nhb,1
齿痕,nhb,1
胸廓,nhb,1
盘腔,nhb,1
手踝,nhb,1
阴唇,nhb,1
唇边,nhb,1
额叶,nhb,1
股部,nhb,1
喷门,nhb,1
眼帘,nhb,1
手骨,nhb,1
胎儿,nhb,1
鼻面,nhb,1
脑室,nhb,1
额头,nhb,1
颌骨,nhb,1
阴茎,nhb,1
断指,nhb,1
手汗,nhb,1
单眼,nhb,1
瞳孔,nhb,1
膀子,nhb,1
血管,nhb,1
肺脏,nhb,1
肢体,nhb,1
肢骨,nhb,1
眼敛,nhb,1
股沟,nhb,1
两眉,nhb,1
颌牙,nhb,1
脚板,nhb,1
胸膈,nhb,1
眼后,nhb,1
口舌,nhb,1
束支,nhb,1
轴索,nhb,1
肠壁,nhb,1
五脏,nhb,1
颈背,nhb,1
残肢,nhb,1
趾头,nhb,1
蝶骨,nhb,1
毛囊,nhb,1
跖骨,nhb,1
腿毛,nhb,1
骨骼,nhb,1
脊背,nhb,1
额突,nhb,1
腋区,nhb,1
颞頜,nhb,1
舟骨,nhb,1
脚碗,nhb,1
六腑,nhb,1
面颊,nhb,1
带蒂,nhb,1
奶子,nhb,1
肖膜,nhb,1
阴部,nhb,1
胃角,nhb,1
双鬓,nhb,1
拳头,nhb,1
舌质,nhb,1
肺泡,nhb,1
牙缝,nhb,1
室壁,nhb,1
肾部,nhb,1
腿面,nhb,1
肋部,nhb,1
犬齿,nhb,1
肠子,nhb,1
腰眼,nhb,1
泌腺,nhb,1
肠腔,nhb,1
趾甲,nhb,1
两膝,nhb,1
骨化,nhb,1
口腔,nhb,1
舌骨,nhb,1
上叶,nhb,1
脾区,nhb,1
滑液,nhb,1
内耳,nhb,1
腹股,nhb,1
后支,nhb,1
足趾,nhb,1
巴掌,nhb,1
胁骨,nhb,1
双眼,nhb,1
脐带,nhb,1
鞍底,nhb,1
掌心,nhb,1
两手,nhb,1
胸椎,nhb,1
枕叶,nhb,1
鼻甲,nhb,1
延髓,nhb,1
额前,nhb,1
床突,nhb,1
舌頭,nhb,1
皮囊,nhb,1
精子,nhb,1
脑顶,nhb,1
舌线,nhb,1
指端,nhb,1
股骨,nhb,1
背段,nhb,1
食道,nhb,1
白带,nhb,1
聂颌,nhb,1
手筋,nhb,1
心包,nhb,1
脚底,nhb,1
面容,nhb,1
眉头,nhb,1
全脑,nhb,1
眼线,nhb,1
额部,nhb,1
奶汁,nhb,1
灰质,nhb,1
奶牙,nhb,1
臀骨,nhb,1
奶液,nhb,1
面目,nhb,1
下丘,nhb,1
软骨,nhb,1
胸腺,nhb,1
肌膜,nhb,1
胸水,nhb,1
头顶,nhb,1
两腿,nhb,1
副睾,nhb,1
舌面,nhb,1
牙体,nhb,1
指节,nhb,1
义齿,nhb,1
肺内,nhb,1
腿脚,nhb,1
回肠,nhb,1
双足,nhb,1
小指,nhb,1
颞线,nhb,1
肝脏,nhb,1
嗅纹,nhb,1
鼻沟,nhb,1
肋间,nhb,1
咽喉,nhb,1
舌底,nhb,1
胎头,nhb,1
舌胎,nhb,1
侧脑,nhb,1
脑叶,nhb,1
伤腿,nhb,1
脚弓,nhb,1
脚腿,nhb,1
大脑,nhb,1
掌根,nhb,1
胆汁,nhb,1
金发,nhb,1
发梢,nhb,1
颌窦,nhb,1
眼胞,nhb,1
气管,nhb,1
脚尖,nhb,1
寰枢,nhb,1
肌厚,nhb,1
脚踝,nhb,1
胸背,nhb,1
趾骨,nhb,1
宫内,nhb,1
淋巴,nhb,1
足底,nhb,1
咽管,nhb,1
胆道,nhb,1
咽颊,nhb,1
脚丫,nhb,1
发尾,nhb,1
剑下,nhb,1
盲袋,nhb,1
胎心,nhb,1
心瓣,nhb,1
角膜,nhb,1
口唇,nhb,1
腰处,nhb,1
肚脐,nhb,1
嘴部,nhb,1
骨垢,nhb,1
腰脊,nhb,1
舌边,nhb,1
宮頸,nhb,1
乳腺,nhb,1
胃液,nhb,1
额角,nhb,1
肘部,nhb,1
指间,nhb,1
肺膜,nhb,1
耳蜗,nhb,1
白发,nhb,1
腕子,nhb,1
臂肌,nhb,1
胸窝,nhb,1
头脑,nhb,1
臂骨,nhb,1
口角,nhb,1
乳痂,nhb,1
足部,nhb,1
甲下,nhb,1
骰骨,nhb,1
眼晶,nhb,1
前叶,nhb,1
手心,nhb,1
宫颈,nhb,1
眼袋,nhb,1
心区,nhb,1
肠周,nhb,1
胃口,nhb,1
阴户,nhb,1
鼻骨,nhb,1
顶叶,nhb,1
舌尖,nhb,1
档部,nhb,1
两臂,nhb,1
髓帆,nhb,1
耳背,nhb,1
喉头,nhb,1
屈位,nhb,1
肘窝,nhb,1
心膈,nhb,1
膈膜,nhb,1
颧骨,nhb,1
颞叶,nhb,1
鼻唇,nhb,1
横隔,nhb,1
外阴,nhb,1
马眼,nhb,1
内囊,nhb,1
腰肌,nhb,1
斜肌,nhb,1
颅骨,nhb,1
肌层,nhb,1
眼框,nhb,1
肛缘,nhb,1
颌角,nhb,1
脚裸,nhb,1
环池,nhb,1
纤毛,nhb,1
耳心,nhb,1
肩膀,nhb,1
盆腔,nhb,1
耳壁,nhb,1
示指,nhb,1
颧弓,nhb,1
耳朵,nhb,1
脚掌,nhb,1
角质,nhb,1
肩骨,nhb,1
脚心,nhb,1
胃壁,nhb,1
肛口,nhb,1
乳晕,nhb,1
骻骨,nhb,1
气道,nhb,1
胃腔,nhb,1
胎肢,nhb,1
盆骨,nhb,1
脊椎,nhb,1
肚皮,nhb,1
寰枕,nhb,1
髋臼,nhb,1
胃酸,nhb,1
枕后,nhb,1
眼眉,nhb,1
鼻窍,nhb,1
牙弓,nhb,1
奶水,nhb,1
青枝,nhb,1
腰椎,nhb,1
胸膜,nhb,1
软腭,nhb,1
骨架,nhb,1
口周,nhb,1
脸皮,nhb,1
耳鼓,nhb,1
印堂,nhb,1
智齿,nhb,1
腮帮,nhb,1
鼻屎,nhb,1
喉咙,nhb,1
靶区,nhb,1
汗液,nhb,1
脐血,nhb,1
头部,nhb,1
脸庞,nhb,1
眼表,nhb,1
伸肌,nhb,1
尿管,nhb,1
精索,nhb,1
髌腱,nhb,1
髂窝,nhb,1
乳芽,nhb,1
肢端,nhb,1
腿部,nhb,1
胸腹,nhb,1
肋弓,nhb,1
睑球,nhb,1
患指,nhb,1
终板,nhb,1
臂部,nhb,1
眼纹,nhb,1
龟头,nhb,1
皮肤,nhb,1
指根,nhb,1
人脑,nhb,1
软颚,nhb,1
脉络,nhb,1
牙花,nhb,1
阴蒂,nhb,1
阴门,nhb,1
耳膜,nhb,1
动脉,nhb,1
心肌,nhb,1
包皮,nhb,1
肝区,nhb,1
胰尾,nhb,1
肌体,nhb,1
毛孔,nhb,1
下阴,nhb,1
阴睾,nhb,1
下壁,nhb,1
脊梁,nhb,1
发顶,nhb,1
经络,nhb,1
耳旁,nhb,1
喉管,nhb,1
左眉,nhb,1
脊索,nhb,1
眼腈,nhb,1
内叶,nhb,1
网膜,nhb,1
大筋,nhb,1
两颊,nhb,1
脑颅,nhb,1
小手,nhb,1
脚趾,nhb,1
龈瓣,nhb,1
内脏,nhb,1
唇周,nhb,1
眉弓,nhb,1
宫区,nhb,1
浑身,nhb,1
颈子,nhb,1
臀部,nhb,1
体毛,nhb,1
邻牙,nhb,1
隐睾,nhb,1
耳部,nhb,1
宫膜,nhb,1
胎发,nhb,1
肝门,nhb,1
毛根,nhb,1
肛内,nhb,1
头发,nhb,1
骨质,nhb,1
耳核,nhb,1
筋络,nhb,1
背骨,nhb,1
指缝,nhb,1
胃汁,nhb,1
牙面,nhb,1
肾脏,nhb,1
脏器,nhb,1
牙槽,nhb,1
指体,nhb,1
鼻咽,nhb,1
胯部,nhb,1
腭部,nhb,1
腹肌,nhb,1
血窦,nhb,1
屁屁,nhb,1
静脉,nhb,1
窦体,nhb,1
臀肌,nhb,1
长骨,nhb,1
肾盂,nhb,1
足弓,nhb,1
肩胛,nhb,1
舌管,nhb,1
双肘,nhb,1
齿根,nhb,1
关节,nhb,1
余指,nhb,1
肩臂,nhb,1
胸腔,nhb,1
颈间,nhb,1
颞区,nhb,1
脸部,nhb,1
膀胱,nhb,1
精锁,nhb,1
头垢,nhb,1
毛发,nhb,1
肩锁,nhb,1
脑池,nhb,1
咽壁,nhb,1
腿骨,nhb,1
眶周,nhb,1
牙囊,nhb,1
脐部,nhb,1
牙科,nhb,1
脸颊,nhb,1
笑纹,nhb,1
胸肌,nhb,1
腋部,nhb,1
小舌,nhb,1
心耳,nhb,1
眉间,nhb,1
胎芽,nhb,1
智牙,nhb,1
牙床,nhb,1
胚囊,nhb,1
神径,nhb,1
基牙,nhb,1
奶管,nhb,1
肩背,nhb,1
前囱,nhb,1
喉结,nhb,1
鼻尖,nhb,1
涎腺,nhb,1
左室,nhb,1
肌腱,nhb,1
膝盖,nhb,1
眼珠,nhb,1
岩骨,nhb,1
声帶,nhb,1
横突,nhb,1
牙膛,nhb,1
垂体,nhb,1
鼓窦,nhb,1
尖段,nhb,1
睑板,nhb,1
颞骨,nhb,1
髌骨,nhb,1
小肠,nhb,1
心房,nhb,1
裆部,nhb,1
卵泡,nhb,1
小腿,nhb,1
眼角,nhb,1
扇骨,nhb,1
唇部,nhb,1
腰腿,nhb,1
骨痂,nhb,1
乳线,nhb,1
口咽,nhb,1
头面,nhb,1
喉骨,nhb,1
小腹,nhb,1
颌突,nhb,1
双膝,nhb,1
颌头,nhb,1
半脸,nhb,1
泪囊,nhb,1
颞颌,nhb,1
乳突,nhb,1
小趾,nhb,1
大肠,nhb,1
JJ,nhb,1
泪腺,nhb,1
宫外,nhb,1
鼻口,nhb,1
额鼻,nhb,1
胛骨,nhb,1
胸口,nhb,1
腰骨,nhb,1
两肾,nhb,1
双乳,nhb,1
暗区,nhb,1
桥脑,nhb,1
臂指,nhb,1
脚筋,nhb,1
患肢,nhb,1
瓣叶,nhb,1
牙胚,nhb,1
颅腔,nhb,1
左胁,nhb,1
骨頭,nhb,1
肛肠,nhb,1
脐腹,nhb,1
椎体,nhb,1
腰髓,nhb,1
脑沟,nhb,1
舌根,nhb,1
尖牙,nhb,1
脚跟,nhb,1
双脚,nhb,1
枕骨,nhb,1
腮腺,nhb,1
胚芽,nhb,1
肚子,nhb,1
足背,nhb,1
尿道,nhb,1
眉骨,nhb,1
腕管,nhb,1
阳具,nhb,1
羊膜,nhb,1
肺野,nhb,1
味蕾,nhb,1
手部,nhb,1
脚部,nhb,1
肩周,nhb,1
右头,nhb,1
胸膛,nhb,1
卵管,nhb,1
肱骨,nhb,1
喉部,nhb,1
脊骨,nhb,1
汗管,nhb,1
胸肩,nhb,1
屈肌,nhb,1
锯肌,nhb,1
胸隔,nhb,1
阴处,nhb,1
蝶窦,nhb,1
肋骨,nhb,1
腰部,nhb,1
面额,nhb,1
孕足,nhb,1
心头,nhb,1
泪液,nhb,1
右室,nhb,1
腺体,nhb,1
胡子,nhb,1
跨骨,nhb,1
腹沟,nhb,1
足踝,nhb,1
半身,nhb,1
球囊,nhb,1
身目,nhb,1
头颈,nhb,1
骨髓,nhb,1
外囊,nhb,1
筛窦,nhb,1
牙尖,nhb,1
颈颅,nhb,1
足心,nhb,1
鼻梁,nhb,1
脾胃,nhb,1
眼屎,nhb,1
肝部,nhb,1
耳门,nhb,1
齿缝,nhb,1
新牙,nhb,1
臼齿,nhb,1
胰腺,nhb,1
脐轮,nhb,1
骶骨,nhb,1
耳廓,nhb,1
肠膜,nhb,1
青筋,nhb,1
脚骨,nhb,1
隔肌,nhb,1
胆囊,nhb,1
蜕膜,nhb,1
脸面,nhb,1
鼻窝,nhb,1
牙髓,nhb,1
十指,nhb,1
项部,nhb,1
眼管,nhb,1
后背,nhb,1
脚指,nhb,1
神经,nhb,1
阴毛,nhb,1
足掌,nhb,1
赘肉,nhb,1
胰胆,nhb,1
尿线,nhb,1
冠沟,nhb,1
脑袋,nhb,1
瞳仁,nhb,1
唇线,nhb,1
鹰嘴,nhb,1
茎突,nhb,1
肝胆,nhb,1
脉管,nhb,1
肝叶,nhb,1
肋排,nhb,1
嘴巴,nhb,1
隆突,nhb,1
系膜,nhb,1
板牙,nhb,1
眼腺,nhb,1
肺叶,nhb,1
结膜,nhb,1
发根,nhb,1
胎囊,nhb,1
肌群,nhb,1
腹膜,nhb,1
胸骨,nhb,1
右房,nhb,1
胸肋,nhb,1
腕部,nhb,1
余肺,nhb,1
盘骨,nhb,1
腓肠,nhb,1
胃肠,nhb,1
鄂垂,nhb,1
心口,nhb,1
双手,nhb,1
肠部,nhb,1
胸部,nhb,1
小瞳,nhb,1
经脉,nhb,1
面肌,nhb,1
双颌,nhb,1
马牙,nhb,1
桡骨,nhb,1
枕区,nhb,1
周身,nhb,1
听骨,nhb,1
眼眶,nhb,1
肋条,nhb,1
嘴唇,nhb,1
肚眼,nhb,1
拓骨,nhb,1
窝池,nhb,1
肠管,nhb,1
肝肾,nhb,1
虎牙,nhb,1
宽臼,nhb,1
乳沟,nhb,1
肌肤,nhb,1
腰腹,nhb,1
耳廊,nhb,1
心尖,nhb,1
骶髂,nhb,1
牙垢,nhb,1
肠道,nhb,1
胫前,nhb,1
舌段,nhb,1
胳膊,nhb,1
腺管,nhb,1
胳臂,nhb,1
眼泪,nhb,1
喉壁,nhb,1
心脏,nhb,1
胚层,nhb,1
坐骨,nhb,1
心室,nhb,1
额顶,nhb,1
耳轮,nhb,1
肠液,nhb,1
鎖骨,nhb,1
心窝,nhb,1
皮质,nhb,1
腰膝,nhb,1
卵子,nhb,1
间质,nhb,1
后叶,nhb,1
鼻痂,nhb,1
胸脯,nhb,1
眼泡,nhb,1
内段,nhb,1
唇纹,nhb,1
胼胝,nhb,1
门牙,nhb,1
心影,nhb,1
腱索,nhb,1
肛毛,nhb,1
小肚,nhb,1
孕囊,nhb,1
宫肌,nhb,1
耳屏,nhb,1
纵肌,nhb,1
脚颈,nhb,1
犬牙,nhb,1
肢肌,nhb,1
枕部,nhb,1
耻骨,nhb,1
皮膜,nhb,1
宫管,nhb,1
嘴边,nhb,1
脚汗,nhb,1
牙龈,nhb,1
手掌,nhb,1
卵巢,nhb,1
骨头,nhb,1
鼻额,nhb,1
全身,nhb,1
门齿,nhb,1
指肚,nhb,1
降支,nhb,1
胸壁,nhb,1
胆管,nhb,1
全头,nhb,1
子宫,nhb,1
距骨,nhb,1
手脚,nhb,1
脐窝,nhb,1
胸胁,nhb,1
横膈,nhb,1
颈肌,nhb,1
肌束,nhb,1
房水,nhb,1
肩部,nhb,1
牙冠,nhb,1
胬肉,nhb,1
宮颈,nhb,1
发髻,nhb,1
蛋蛋,nhb,1
额骨,nhb,1
颅面,nhb,1
膝弯,nhb,1
鼻翼,nhb,1
颌颈,nhb,1
脚背,nhb,1
肚腩,nhb,1
下体,nhb,1
唇舌,nhb,1
泪膜,nhb,1
双臂,nhb,1
两肺,nhb,1
嘴里,nhb,1
鼻根,nhb,1
双腮,nhb,1
四指,nhb,1
唇角,nhb,1
表皮,nhb,1
鼻部,nhb,1
唾沫,nhb,1
瘘管,nhb,1
肝胃,nhb,1
乳牙,nhb,1
肝脾,nhb,1
腰杆,nhb,1
右乳,nhb,1
脚面,nhb,1
眼睑,nhb,1
滑囊,nhb,1
喉核,nhb,1
瓷牙,nhb,1
手腕,nhb,1
肛窦,nhb,1
食指,nhb,1
胸廊,nhb,1
乳汁,nhb,1
足尖,nhb,1
舌头,nhb,1
内阴,nhb,1
胃脘,nhb,1
腕骨,nhb,1
胫骨,nhb,1
筛骨,nhb,1
颈窝,nhb,1
横窦,nhb,1
甲床,nhb,1
胆经,nhb,1
髓板,nhb,1
颌窝,nhb,1
背部,nhb,1
胃底,nhb,1
耳郭,nhb,1
口面,nhb,1
腱鞘,nhb,1
手皮,nhb,1
静态,nhb,1
助骨,nhb,1
筋膜,nhb,1
附件,nhb,1
耳屎,nhb,1
肛旁,nhb,1
眼球,nhb,1
咽部,nhb,1
心胞,nhb,1
右胁,nhb,1
眼皮,nhb,1
眼尾,nhb,1
髋部,nhb,1
牙周,nhb,1
手膀,nhb,1
项线,nhb,1
尿路,nhb,1
精管,nhb,1
滑膜,nhb,1
脑桥,nhb,1
殿部,nhb,1
大牙,nhb,1
顳叶,nhb,1
齿龈,nhb,1
侧牙,nhb,1
软肋,nhb,1
手颈,nhb,1
嘴角,nhb,1
鞍隔,nhb,1
胡须,nhb,1
伞端,nhb,1
腱膜,nhb,1
牙肉,nhb,1
跗骨,nhb,1
牙洞,nhb,1
私部,nhb,1
阴阜,nhb,1
鼻旁,nhb,1
肛垫,nhb,1
房室,nhb,1
骶椎,nhb,1
脑壳,nhb,1
兜齿,nhb,1
伤肢,nhb,1
卤门,nhb,1
腓骨,nhb,1
顶骨,nhb,1
颈肩,nhb,1
指头,nhb,1
鼻角,nhb,1
断层,nhb,1
发鬓,nhb,1
牙颌,nhb,1
声带,nhb,1
盆壁,nhb,1
宫腔,nhb,1
眼肌,nhb,1
额纹,nhb,1
肘弯,nhb,1
腋窝,nhb,1
五指,nhb,1
座牙,nhb,1
手指,nhb,1
鞍区,nhb,1
眼仁,nhb,1
精液,nhb,1
宫体,nhb,1
耻区,nhb,1
膝前,nhb,1
肢带,nhb,1
胸髓,nhb,1
肩椎,nhb,1
楔骨,nhb,1
黄体,nhb,1
鸡巴,nhb,1
器官,nhb,1
腮部,nhb,1
浆膜,nhb,1
椎管,nhb,1
精囊,nhb,1
断肢,nhb,1
胰颈,nhb,1
心肝,nhb,1
嘴皮,nhb,1
踝骨,nhb,1
肝尾,nhb,1
胚胎,nhb,1
髓腔,nhb,1
拇指,nhb,1
脊髓,nhb,1
产道,nhb,1
手肘,nhb,1
假牙,nhb,1
耳骨,nhb,1
薄束,nhb,1
头骨,nhb,1
食管,nhb,1
颈托,nhb,1
附耳,nhb,1
胸毛,nhb,1
督脉,nhb,1
耳孔,nhb,1
肘子,nhb,1
颈干,nhb,1
瓣膜,nhb,1
切缘,nhb,1
大腿,nhb,1
眼毛,nhb,1
卧蚕,nhb,1
环指,nhb,1
突触,nhb,1
鼻道,nhb,1
脾肺,nhb,1
胃部,nhb,1
尾指,nhb,1
下巴,nhb,1
眉宇,nhb,1
肢部,nhb,1
阴囊,nhb,1
胸肺,nhb,1
膝内,nhb,1
腹壁,nhb,1
拇趾,nhb,1
两鬓,nhb,1
肾盏,nhb,1
残牙,nhb,1
鼻窦,nhb,1
会阴,nhb,1
眼晴,nhb,1
肠胃,nhb,1
黏膜,nhb,1
双额,nhb,1
骨盆,nhb,1
肾门,nhb,1
肩头,nhb,1
两乳,nhb,1
膝窝,nhb,1
肋凹,nhb,1
胸处,nhb,1
血液,nhb,1
手足,nhb,1
方肩,nhb,1
血痂,nhb,1
脸蛋,nhb,1
咪咪,nhb,1
脑膜,nhb,1
胆壁,nhb,1
发稍,nhb,1
双唇,nhb,1
颧部,nhb,1
尾骨,nhb,1
两腮,nhb,1
牙渍,nhb,1
眼睛,nhb,1
骨板,nhb,1
躯干,nhb,1
头皮,nhb,1
颅脑,nhb,1
脊柱,nhb,1
颌孔,nhb,1
颅底,nhb,1
头颅,nhb,1
视盘,nhb,1
颈髓,nhb,1
空肠,nhb,1
脚肚,nhb,1
宫旁,nhb,1
囟门,nhb,1
空腹,nhb,1
腹腔,nhb,1
脑髓,nhb,1
肩处,nhb,1
小臂,nhb,1
鄂面,nhb,1
侧肋,nhb,1
两脚,nhb,1
颌面,nhb,1
颊部,nhb,1
眼脸,nhb,1
胎肺,nhb,1
沟回,nhb,1
鬓发,nhb,1
胎体,nhb,1
肌肉,nhb,1
肺底,nhb,1
黑质,nhb,1
内踝,nhb,1
纵隔,nhb,1
中叶,nhb,1
髓鞘,nhb,1
眼部,nhb,1
头屑,nhb,1
鼻头,nhb,1
心腔,nhb,1
颅缝,nhb,1
尾骶,nhb,1
脾肾,nhb,1
面部,nhb,1
会厌,nhb,1
跨部,nhb,1
鼻背,nhb,1
胃胆,nhb,1
肋角,nhb,1
屁眼,nhb,1
耳根,nhb,1
肝管,nhb,1
侧腰,nhb,1
虹膜,nhb,1
肺纹,nhb,1
胃泡,nhb,1
睾丸,nhb,1
肺尖,nhb,1
掌骨,nhb,1
大趾,nhb,1
甲沟,nhb,1
外膜,nhb,1
鼻腔,nhb,1
眉毛,nhb,1
跟骨,nhb,1
鬓角,nhb,1
阑尾,nhb,1
足骨,nhb,1
背肌,nhb,1
鸡鸡,nhb,1
直肌,nhb,1
尿液,nhb,1
老皮,nhb,1
坐股,nhb,1
乳头,nhb,1
噪子,nhb,1
缺指,nhb,1
胰周,nhb,1
额颞,nhb,1
私处,nhb,1
鞘膜,nhb,1
下叶,nhb,1
腰肋,nhb,1
颈椎,nhb,1
舌叶,nhb,1
踝部,nhb,1
骨节,nhb,1
丘系,nhb,1
眼俭,nhb,1
虎口,nhb,1
宿便,nhb,1
胃窦,nhb,1
小脑,nhb,1
脑仁,nhb,1
盯聍,nhb,1
屁股,nhb,1
手肌,nhb,1
牙齿,nhb,1
颌支,nhb,1
四肢,nhb,1
两肩,nhb,1
颈围,nhb,1
脖子,nhb,1
直肠,nhb,1
胃内,nhb,1
孖肌,nhb,1
舌腺,nhb,1
女阴,nhb,1
棘突,nhb,1
细胞,nhb,1
颞角,nhb,1
两肋,nhb,1
身体,nhb,1
附睾,nhb,1
腰背,nhb,1
骨膜,nhb,1
筋脉,nhb,1
臂弯,nhb,1
舌苔,nhb,1
尺骨,nhb,1
肾柱,nhb,1
脚眼,nhb,1
乳凸,nhb,1
窦道,nhb,1
芤脉,nhb,1
鼻棘,nhb,1
两腰,nhb,1
指甲,nhb,1
腹腹,nhb,1
脚环,nhb,1
双眉,nhb,1
两耳,nhb,1
梨涡,nhb,1
双目,nhb,1
鼓膜,nhb,1
舌体,nhb,1
耳周,nhb,1
脚毛,nhb,1
鼻端,nhb,1
声门,nhb,1
手臂,nhb,1
咽峡,nhb,1
臂丛,nhb,1
管壁,nhb,1
肝肋,nhb,1
桡侧,nhb,1
掌面,nhb,1
科颈,nhb,1
喉室,nhb,1
泪沟,nhb,1
舌肌,nhb,1
胎毛,nhb,1
筋腱,nhb,1
肝窦,nhb,1
岛叶,nhb,1
五官,nhb,1
双肾,nhb,1
宫角,nhb,1
颈臂,nhb,1
双颊,nhb,1
胃周,nhb,1
肩峰,nhb,1
耳道,nhb,1
粘膜,nhb,1
籽骨,nhb,1
齿槽,nhb,1
嗅区,nhb,1
伞部,nhb,1
壁稍,nhb,1
乳房,nhb,1
跟腱,nhb,1
膝部,nhb,1
断牙,nhb,1
轴骨,nhb,1
肺门,nhb,1
喉咽,nhb,1
颈项,nhb,1
子宮,nhb,1
咽腔,nhb,1
展肌,nhb,1
耳垂,nhb,1
骶部,nhb,1
尺侧,nhb,1
脚手,nhb,1
咽肌,nhb,1
胯骨,nhb,1
肋缘,nhb,1
腹部,nhb,1
唾液,nhb,1
余腹,nhb,1
巩膜,nhb,1
乳管,nhb,1
胰头,nhb,1
发丝,nhb,1
瘘道,nhb,1
羊水,nhb,1
耳底,nhb,1
掌跖,nhb,1
指尖,nhb,1
前囟,nhb,1
胰管,nhb,1
眼台,nhb,1
脑部,nhb,1
额区,nhb,1
管腔,nhb,1
胃体,nhb,1
肝肠,nhb,1
姆指,nhb,1
脚弯,nhb,1
眉心,nhb,1
蝶鞍,nhb,1
髂骨,nhb,1
汗腺,nhb,1
軔带,nhb,1
冠脉,nhb,1
前壁,nhb,1
马尾,nhb,1
皮屑,nhb,1
胚叶,nhb,1
剑突,nhb,1
耳眼,nhb,1
椎骨,nhb,1
半脑,nhb,1
身子,nhb,1
脑子,nhb,1
肝曲,nhb,1
项背,nhb,1
疱壁,nhb,1
肺部,nhb,1
睫毛,nhb,1
腹胃,nhb,1
汗孔,nhb,1
脾脏,nhb,1
颌体,nhb,1
椎弓,nhb,1
面鼻,nhb,1
膝后,nhb,1
椎板,nhb,1
丘脑,nhb,1
肩颈,nhb,1
眼睫,nhb,1
手腿,nhb,1
骨刺,nhb,1
外叶,nhb,1
枕颈,nhb,1
膈肌,nhb,1
手背,nhb,1
胰体,nhb,1
眼捷,nhb,1
尾椎,nhb,1
龋齿,nhb,1
鼻毛,nhb,1
胁下,nhb,1
耳垢,nhb,1
颞部,nhb,1
内膜,nhb,1
腮边,nhb,1
足跟,nhb,1
肺囊,nhb,1
脖颈,nhb,1
肛门,nhb,1
臀纹,nhb,1
脑勺,nhb,1
腰窝,nhb,1
背腰,nhb,1
假肢,nhb,1
泪阜,nhb,1
暴牙,nhb,1
髋骨,nhb,1
门脉,nhb,1
臂膀,nhb,1
肛管,nhb,1
鼓室,nhb,1
眼周,nhb,1
颜面,nhb,1
侧脸,nhb,1
锁骨,nhb,1
颌部,nhb,1
皮肉,nhb,1
双肩,nhb,1
鱼际,nhb,1
咬肌,nhb,1
脑干,nhb,1
肚臍,nhb,1
肌腹,nhb,1
牙根,nhb,1
右眉,nhb,1
胆肝,nhb,1
睑皮,nhb,1
肛周,nhb,1
肾腺,nhb,1
胸液,nhb,1
卵蛋,nhb,1
颚骨,nhb,1
胎盘,nhb,1
椎孔,nhb,1
泪道,nhb,1
喉腔,nhb,1
半心,nhb,1
乳孔,nhb,1
颅颈,nhb,1
鼻子,nhb,1
阴道,nhb,1
内中膜,nhb,1
垂直板,nhb,1
耻骨梳,nhb,1
催产素,nhb,1
半月板,nhb,1
输尿管,nhb,1
指甲盖,nhb,1
眼眼睑,nhb,1
肌纤维,nhb,1
坐骨体,nhb,1
小脑镰,nhb,1
耳甲艇,nhb,1
胸骨角,nhb,1
小网膜,nhb,1
颈部背,nhb,1
中央群,nhb,1
腹横肌,nhb,1
淋巴结,nhb,1
颞下嵴,nhb,1
肩部部,nhb,1
头背面,nhb,1
深肌层,nhb,1
内侧束,nhb,1
运动系,nhb,1
浅肌层,nhb,1
脑白质,nhb,1
颏隆凸,nhb,1
生殖腺,nhb,1
嘴硬腭,nhb,1
胸窝部,nhb,1
内淋巴,nhb,1
淋巴道,nhb,1
顶结节,nhb,1
骨小梁,nhb,1
胸腰椎,nhb,1
阴道部,nhb,1
眼皮皮,nhb,1
侧隐窝,nhb,1
脐动脉,nhb,1
胆中管,nhb,1
肺静脉,nhb,1
受精卵,nhb,1
脐腹部,nhb,1
横结肠,nhb,1
半腱肌,nhb,1
叠瓦状,nhb,1
蛛网膜,nhb,1
腰大肌,nhb,1
半月瓣,nhb,1
腕骨间,nhb,1
智慧齿,nhb,1
肺下叶,nhb,1
横隔膜,nhb,1
枕部头,nhb,1
胸腹腔,nhb,1
动静脉,nhb,1
深静脉,nhb,1
牙周膜,nhb,1
胰胆管,nhb,1
桡神经,nhb,1
踝关节,nhb,1
骶髂部,nhb,1
侧副管,nhb,1
布氏腺,nhb,1
口咽部,nhb,1
小腿皮,nhb,1
矢状位,nhb,1
房室口,nhb,1
毛细管,nhb,1
黑眼珠,nhb,1
四叠体,nhb,1
颅脑皮,nhb,1
腹胃部,nhb,1
咽峡部,nhb,1
大腿肉,nhb,1
鼻黏膜,nhb,1
两肩部,nhb,1
尺神经,nhb,1
肾实质,nhb,1
眼眼皮,nhb,1
海绵窦,nhb,1
全腹部,nhb,1
滑膜襞,nhb,1
大骨盆,nhb,1
脚脖子,nhb,1
内筋膜,nhb,1
大拇指,nhb,1
肛提肌,nhb,1
锤骨头,nhb,1
乳头孔,nhb,1
季肋区,nhb,1
舌系带,nhb,1
副神经,nhb,1
三尖瓣,nhb,1
尺骨头,nhb,1
背部部,nhb,1
钩状足,nhb,1
手指头,nhb,1
两上肢,nhb,1
眼神经,nhb,1
睛明穴,nhb,1
甲杓肌,nhb,1
内侧群,nhb,1
视辐射,nhb,1
头部部,nhb,1
胸膜液,nhb,1
第一肋,nhb,1
听神经,nhb,1
尾椎骨,nhb,1
脐带血,nhb,1
华氏位,nhb,1
回盲口,nhb,1
骶粗隆,nhb,1
裆肛部,nhb,1
鼻后孔,nhb,1
两腿间,nhb,1
生殖器,nhb,1
尿道球,nhb,1
咽鼓管,nhb,1
滑膜囊,nhb,1
乳头部,nhb,1
回盲瓣,nhb,1
腰肋部,nhb,1
骺软骨,nhb,1
基底沟,nhb,1
齿状核,nhb,1
乳白色,nhb,1
脚后跟,nhb,1
掌中纹,nhb,1
横突孔,nhb,1
躯干部,nhb,1
双肺门,nhb,1
扣带回,nhb,1
牙齿龈,nhb,1
眼前房,nhb,1
膜化骨,nhb,1
微血管,nhb,1
肋间隙,nhb,1
股薄肌,nhb,1
胸导管,nhb,1
食管丛,nhb,1
骨关节,nhb,1
小脸蛋,nhb,1
松果体,nhb,1
横突间,nhb,1
鼻背部,nhb,1
肋软骨,nhb,1
巨上骨,nhb,1
泪囊窝,nhb,1
阴道穹,nhb,1
桡动脉,nhb,1
面动脉,nhb,1
会阴区,nhb,1
背阔肌,nhb,1
全关节,nhb,1
舌根部,nhb,1
神经束,nhb,1
正中核,nhb,1
六龄牙,nhb,1
喉咙咽,nhb,1
神经膜,nhb,1
足舟骨,nhb,1
二尖瓣,nhb,1
软组织,nhb,1
茎乳孔,nhb,1
胃底部,nhb,1
指骨底,nhb,1
房室结,nhb,1
降结肠,nhb,1
牙缝里,nhb,1
胳膊窝,nhb,1
声韧带,nhb,1
呼吸部,nhb,1
长收肌,nhb,1
輸卵管,nhb,1
髌韧带,nhb,1
颈胸髓,nhb,1
滑液鞘,nhb,1
腹腔丛,nhb,1
腰骶干,nhb,1
交叉沟,nhb,1
跖间骨,nhb,1
耻骨体,nhb,1
膀胱尖,nhb,1
新皮质,nhb,1
腰部腿,nhb,1
脾切迹,nhb,1
提肛肌,nhb,1
子宫腔,nhb,1
阴道口,nhb,1
腰背部,nhb,1
神经丛,nhb,1
髂血管,nhb,1
乳糜池,nhb,1
鼻息肉,nhb,1
松质骨,nhb,1
脚丫子,nhb,1
可塑性,nhb,1
泌尿器,nhb,1
贲门口,nhb,1
左宫角,nhb,1
壁腹膜,nhb,1
骨连结,nhb,1
乳腺叶,nhb,1
横膈膜,nhb,1
股内肌,nhb,1
腰锥盘,nhb,1
肝胆脾,nhb,1
方形膜,nhb,1
腰部背,nhb,1
胸小肌,nhb,1
骨松质,nhb,1
室上嵴,nhb,1
颈肩背,nhb,1
纤维束,nhb,1
拇收肌,nhb,1
大脑镰,nhb,1
主细胞,nhb,1
颈彭大,nhb,1
滑膜层,nhb,1
颊神经,nhb,1
椎体钩,nhb,1
前列腺,nhb,1
睑板腺,nhb,1
双手指,nhb,1
升结肠,nhb,1
肌性囊,nhb,1
肛三角,nhb,1
头长肌,nhb,1
神经质,nhb,1
鹰嘴窝,nhb,1
错牙合,nhb,1
手腕子,nhb,1
复关节,nhb,1
肚脐眼,nhb,1
玻璃体,nhb,1
肱骨干,nhb,1
鼻甲嵴,nhb,1
膜迷路,nhb,1
全腹腹,nhb,1
小腹部,nhb,1
腕骨沟,nhb,1
双手部,nhb,1
冠状缝,nhb,1
耻坐支,nhb,1
周身骨,nhb,1
括约肌,nhb,1
乳头体,nhb,1
牙间隙,nhb,1
侧肋骨,nhb,1
喉粘膜,nhb,1
房室孔,nhb,1
肾上腺,nhb,1
胃血管,nhb,1
小转子,nhb,1
额面部,nhb,1
距隆突,nhb,1
腘动脉,nhb,1
基底段,nhb,1
会阴部,nhb,1
滑液囊,nhb,1
关节盘,nhb,1
破裂孔,nhb,1
脑脊液,nhb,1
环状襞,nhb,1
组织液,nhb,1
杓横肌,nhb,1
颧大肌,nhb,1
脐尿管,nhb,1
太陽穴,nhb,1
眼角膜,nhb,1
关节突,nhb,1
眼外肌,nhb,1
肺大泡,nhb,1
壁内部,nhb,1
指缝间,nhb,1
臂肌肉,nhb,1
眼珠子,nhb,1
面肌肉,nhb,1
颌面部,nhb,1
眼结膜,nhb,1
胆囊管,nhb,1
蚓小结,nhb,1
无名指,nhb,1
肢淋巴,nhb,1
屏状核,nhb,1
胆囊体,nhb,1
外侧沟,nhb,1
闭孔沟,nhb,1
颈淋巴,nhb,1
手部部,nhb,1
输乳管,nhb,1
感觉器,nhb,1
肩胛冈,nhb,1
咽部部,nhb,1
颈后背,nhb,1
夹角处,nhb,1
直动脉,nhb,1
甲状骨,nhb,1
多羽肌,nhb,1
眶下沟,nhb,1
距切牙,nhb,1
入胸腔,nhb,1
内眼角,nhb,1
桡骨头,nhb,1
子宫峡,nhb,1
中心腱,nhb,1
重力弓,nhb,1
半羽肌,nhb,1
手肌肉,nhb,1
髂骨体,nhb,1
薄束核,nhb,1
股关节,nhb,1
展神经,nhb,1
面静脉,nhb,1
输卵管,nhb,1
颈肩部,nhb,1
吻合管,nhb,1
项韧带,nhb,1
胃粘膜,nhb,1
脊梁骨,nhb,1
脏胸膜,nhb,1
扣带沟,nhb,1
髂胫束,nhb,1
嗓子眼,nhb,1
颈肩膀,nhb,1
股直肌,nhb,1
陶氏腔,nhb,1
肢带骨,nhb,1
皮脂腺,nhb,1
乳突囟,nhb,1
骶后孔,nhb,1
腮帮子,nhb,1
头颈部,nhb,1
骶骨底,nhb,1
颈椎骨,nhb,1
颈神经,nhb,1
耳甲腔,nhb,1
腰双腿,nhb,1
骨骼肌,nhb,1
转子窝,nhb,1
螺旋器,nhb,1
神经部,nhb,1
颞颌部,nhb,1
膀胱颈,nhb,1
硬脊膜,nhb,1
细而短,nhb,1
左下叶,nhb,1
返折处,nhb,1
骶神经,nhb,1
胶状质,nhb,1
尿道瓣,nhb,1
眼眶部,nhb,1
无系膜,nhb,1
脚趾尖,nhb,1
内耳道,nhb,1
全头部,nhb,1
闭孔膜,nhb,1
骶骨岬,nhb,1
尺动脉,nhb,1
小循环,nhb,1
鼻根部,nhb,1
肾动脉,nhb,1
茎乳突,nhb,1
腱膜在,nhb,1
颈部部,nhb,1
睫状体,nhb,1
项背部,nhb,1
颞下窝,nhb,1
股方肌,nhb,1
胳膊肘,nhb,1
垂体窝,nhb,1
增殖腺,nhb,1
网膜孔,nhb,1
骨迷路,nhb,1
中胸节,nhb,1
楔前叶,nhb,1
立毛肌,nhb,1
背部腰,nhb,1
小手指,nhb,1
心瓣膜,nhb,1
纹状体,nhb,1
脑神经,nhb,1
小瞳下,nhb,1
肝左叶,nhb,1
肛神经,nhb,1
颅神经,nhb,1
淋巴管,nhb,1
角切迹,nhb,1
干骺端,nhb,1
脚间池,nhb,1
肢静脉,nhb,1
颞横回,nhb,1
听辐射,nhb,1
内眦部,nhb,1
骶前孔,nhb,1
颏结节,nhb,1
脚裸处,nhb,1
内囊膝,nhb,1
股外肌,nhb,1
卵黄囊,nhb,1
脑门儿,nhb,1
缘上回,nhb,1
鼻梁骨,nhb,1
肛门口,nhb,1
冠状窦,nhb,1
硬脑膜,nhb,1
输尿口,nhb,1
胃酸腹,nhb,1
直肠肌,nhb,1
窦房结,nhb,1
心肌层,nhb,1
腺样体,nhb,1
翼外肌,nhb,1
颈项部,nhb,1
楔束核,nhb,1
肺前段,nhb,1
双手掌,nhb,1
内直肌,nhb,1
椎弓板,nhb,1
月状面,nhb,1
眼睑皮,nhb,1
双眼皮,nhb,1
胆肠内,nhb,1
左胁腹,nhb,1
神经元,nhb,1
舌乳头,nhb,1
肋切迹,nhb,1
冠突窝,nhb,1
太阳穴,nhb,1
骨组织,nhb,1
尺骨体,nhb,1
腰背肌,nhb,1
前庭襞,nhb,1
牙组织,nhb,1
腰腿部,nhb,1
牙槽孔,nhb,1
肢肌肉,nhb,1
肋巴骨,nhb,1
回盲部,nhb,1
剑肋角,nhb,1
脚底板,nhb,1
耳鼓膜,nhb,1
肘关节,nhb,1
球状核,nhb,1
咽隐窝,nhb,1
穹窿脚,nhb,1
骨盆轴,nhb,1
辐射冠,nhb,1
颈腰椎,nhb,1
余肌层,nhb,1
矢状面,nhb,1
肾锥体,nhb,1
胃脘部,nhb,1
喉咽部,nhb,1
胆囊底,nhb,1
锤骨柄,nhb,1
泌尿管,nhb,1
穹窿柱,nhb,1
鞍上池,nhb,1
胫神经,nhb,1
结肠带,nhb,1
室间孔,nhb,1
腹膜腔,nhb,1
颌下腺,nhb,1
双足踝,nhb,1
小鸡鸡,nhb,1
腭咽肌,nhb,1
三角区,nhb,1
单关节,nhb,1
脚趾甲,nhb,1
喉前庭,nhb,1
横窦沟,nhb,1
增殖体,nhb,1
咽喉部,nhb,1
牙槽突,nhb,1
窦窦腔,nhb,1
纤维环,nhb,1
关节头,nhb,1
附肢骨,nhb,1
尾头核,nhb,1
臂丛通,nhb,1
小肚子,nhb,1
双眼球,nhb,1
两眼睑,nhb,1
嗅束沟,nhb,1
胫腓骨,nhb,1
牙釉质,nhb,1
肩关节,nhb,1
躯干骨,nhb,1
脚指头,nhb,1
幕切迹,nhb,1
晶状体,nhb,1
坐骨支,nhb,1
肠系膜,nhb,1
尽根牙,nhb,1
黄骨髓,nhb,1
基底核,nhb,1
对合牙,nhb,1
扁桃腺,nhb,1
肛门部,nhb,1
骶棘肌,nhb,1
肾乳头,nhb,1
视隐窝,nhb,1
皮下环,nhb,1
骨密质,nhb,1
矢状窦,nhb,1
屁眼儿,nhb,1
视上核,nhb,1
卵细胞,nhb,1
两肺部,nhb,1
小胡子,nhb,1
后穿质,nhb,1
睾丸部,nhb,1
肺中叶,nhb,1
子宫体,nhb,1
大网膜,nhb,1
紧张部,nhb,1
黄韧带,nhb,1
软脑膜,nhb,1
尾骶部,nhb,1
心压迹,nhb,1
颈椎间,nhb,1
半规管,nhb,1
会厌部,nhb,1
脐部部,nhb,1
额下回,nhb,1
颏舌肌,nhb,1
新小脑,nhb,1
大静脉,nhb,1
消化道,nhb,1
坐骨棘,nhb,1
双眼脸,nhb,1
骨盆腔,nhb,1
枕动脉,nhb,1
胃食管,nhb,1
双眼部,nhb,1
梨状孔,nhb,1
眶下孔,nhb,1
舟状骨,nhb,1
关节窝,nhb,1
嗅三角,nhb,1
余双肺,nhb,1
脾静脉,nhb,1
筛小房,nhb,1
内侧壁,nhb,1
冠状面,nhb,1
鼻脊柱,nhb,1
小骨盆,nhb,1
髂粗隆,nhb,1
心包腔,nhb,1
透明隔,nhb,1
颈动脉,nhb,1
耻骨肌,nhb,1
环甲肌,nhb,1
肩胛骨,nhb,1
回声区,nhb,1
剑下腹,nhb,1
额上沟,nhb,1
脚腕子,nhb,1
喙肩弓,nhb,1
腰方肌,nhb,1
胸骨端,nhb,1
胸神经,nhb,1
壁胸膜,nhb,1
壁细胞,nhb,1
穹窿体,nhb,1
咀嚼肌,nhb,1
听结节,nhb,1
膀胱经,nhb,1
小弟弟,nhb,1
翼内肌,nhb,1
肝内管,nhb,1
肾小管,nhb,1
细而长,nhb,1
感受器,nhb,1
呼吸肌,nhb,1
腓骨头,nhb,1
枕颞沟,nhb,1
消化液,nhb,1
软骨区,nhb,1
鼻部部,nhb,1
室间隔,nhb,1
手舟骨,nhb,1
双手足,nhb,1
络腮胡,nhb,1
大阴唇,nhb,1
小脑蚓,nhb,1
膝关节,nhb,1
腹直肌,nhb,1
胸腺肽,nhb,1
腋神经,nhb,1
髋关节,nhb,1
唾液腺,nhb,1
板内核,nhb,1
双眼睑,nhb,1
头状骨,nhb,1
阑尾口,nhb,1
骨间缘,nhb,1
双肩胛,nhb,1
牙颈部,nhb,1
右胁部,nhb,1
方形肩,nhb,1
腮腺管,nhb,1
咽缩肌,nhb,1
舌下阜,nhb,1
小拇指,nhb,1
肝脾脏,nhb,1
关节腔,nhb,1
风府穴,nhb,1
腰部腹,nhb,1
阴道壁,nhb,1
手指尖,nhb,1
双手背,nhb,1
臀小肌,nhb,1
颅前窝,nhb,1
鼻中膈,nhb,1
外侧索,nhb,1
股神经,nhb,1
二腹肌,nhb,1
二头肌,nhb,1
额中回,nhb,1
肩胛部,nhb,1
椎间隙,nhb,1
脐上腹,nhb,1
蝶顶缝,nhb,1
髂腰肌,nhb,1
手臂部,nhb,1
支氣管,nhb,1
前庭窗,nhb,1
鼻粘膜,nhb,1
左肺门,nhb,1
鼻泪管,nhb,1
埋伏牙,nhb,1
会厌谷,nhb,1
肺斜裂,nhb,1
手背皮,nhb,1
喉黏膜,nhb,1
麦氏点,nhb,1
蚓状肌,nhb,1
大腿肌,nhb,1
额部头,nhb,1
面颅骨,nhb,1
肱骨体,nhb,1
眶上孔,nhb,1
左胁部,nhb,1
肝尾叶,nhb,1
反射弧,nhb,1
六龄齿,nhb,1
头皮肤,nhb,1
腓切迹,nhb,1
胃泌素,nhb,1
小肚腩,nhb,1
鞘膜腔,nhb,1
荷尔蒙,nhb,1
腭舌肌,nhb,1
腰椎体,nhb,1
隐神经,nhb,1
宫颈口,nhb,1
骨间膜,nhb,1
蜗神经,nhb,1
小腿肉,nhb,1
眉棱骨,nhb,1
肢血管,nhb,1
指尖部,nhb,1
锥体束,nhb,1
旧皮质,nhb,1
额神经,nhb,1
胃小弯,nhb,1
跟膝胫,nhb,1
肾大盏,nhb,1
手指缝,nhb,1
杓斜肌,nhb,1
角质层,nhb,1
指伸肌,nhb,1
视神经,nhb,1
内上髁,nhb,1
性器官,nhb,1
拇展肌,nhb,1
子宫底,nhb,1
网膜囊,nhb,1
耻骨嵴,nhb,1
头顶部,nhb,1
眼眼眶,nhb,1
骶结节,nhb,1
前穿质,nhb,1
翼状襞,nhb,1
两手掌,nhb,1
室管膜,nhb,1
大循环,nhb,1
鼻面部,nhb,1
膈神经,nhb,1
椎间盘,nhb,1
假单极,nhb,1
脑硬膜,nhb,1
胸腹部,nhb,1
颊粘膜,nhb,1
双肩背,nhb,1
脑功能,nhb,1
阻生齿,nhb,1
外侧角,nhb,1
阴蒂脚,nhb,1
关节学,nhb,1
肋叉骨,nhb,1
酶系统,nhb,1
电突触,nhb,1
胃体部,nhb,1
肺韧带,nhb,1
天灵盖,nhb,1
大姆指,nhb,1
股骨头,nhb,1
肩峰端,nhb,1
神经根,nhb,1
尿道口,nhb,1
斜角肌,nhb,1
载距突,nhb,1
鼻中隔,nhb,1
额下沟,nhb,1
肝总管,nhb,1
眼内眦,nhb,1
顶枕沟,nhb,1
颞部头,nhb,1
瓣膜区,nhb,1
手足心,nhb,1
翼腭窝,nhb,1
尺桡骨,nhb,1
筛漏斗,nhb,1
中叶肺,nhb,1
小阴唇,nhb,1
胃压迹,nhb,1
全身骨,nhb,1
腹股沟,nhb,1
足背部,nhb,1
腘静脉,nhb,1
脑动脉,nhb,1
幽门部,nhb,1
双脚踝,nhb,1
下磨牙,nhb,1
额结节,nhb,1
耳轮脚,nhb,1
脾动脉,nhb,1
视网膜,nhb,1
髂动脉,nhb,1
小弯侧,nhb,1
肩背部,nhb,1
脐部腹,nhb,1
小胶质,nhb,1
背腰部,nhb,1
大结节,nhb,1
纤维层,nhb,1
锥体路,nhb,1
手脚心,nhb,1
脸板腺,nhb,1
外侧缘,nhb,1
灰结节,nhb,1
胸骨柄,nhb,1
咽结节,nhb,1
额颞部,nhb,1
精索部,nhb,1
脊椎骨,nhb,1
面神经,nhb,1
胸膜腔,nhb,1
膀胱底,nhb,1
枕大池,nhb,1
骨化点,nhb,1
输精管,nhb,1
瘦长型,nhb,1
皮肉芽,nhb,1
余诸骨,nhb,1
消化器,nhb,1
耳状面,nhb,1
牙本质,nhb,1
脚间窝,nhb,1
眶上嵴,nhb,1
大转子,nhb,1
耳根子,nhb,1
人中处,nhb,1
冈下窝,nhb,1
口唇部,nhb,1
丘脑枕,nhb,1
轮匝带,nhb,1
膝状体,nhb,1
指根部,nhb,1
颈膨大,nhb,1
声门裂,nhb,1
双下肢,nhb,1
手皮肤,nhb,1
三角肌,nhb,1
腹部部,nhb,1
腹腔干,nhb,1
甲状腺,nhb,1
脚掌心,nhb,1
滋养孔,nhb,1
脏腹膜,nhb,1
斜颈部,nhb,1
终动脉,nhb,1
小静脉,nhb,1
牙槽骨,nhb,1
颈胸椎,nhb,1
鼓膜壁,nhb,1
枕内嵴,nhb,1
近端肌,nhb,1
副鼻窦,nhb,1
脉络膜,nhb,1
腓骨颈,nhb,1
蝶腭孔,nhb,1
外阴部,nhb,1
单眼皮,nhb,1
外侧群,nhb,1
足关节,nhb,1
射精管,nhb,1
舌内肌,nhb,1
橄榄体,nhb,1
颌切迹,nhb,1
人字缝,nhb,1
尾骨肌,nhb,1
内听道,nhb,1
静脉血,nhb,1
含气骨,nhb,1
距状沟,nhb,1
卵圆孔,nhb,1
上列牙,nhb,1
矮胖型,nhb,1
坐骶弓,nhb,1
手弯处,nhb,1
动脉血,nhb,1
海马沟,nhb,1
海马伞,nhb,1
后角球,nhb,1
阴囊部,nhb,1
后背腰,nhb,1
背脊骨,nhb,1
两上肺,nhb,1
食管胸,nhb,1
手背部,nhb,1
肝右叶,nhb,1
大圆肌,nhb,1
肛动脉,nhb,1
逼尿肌,nhb,1
杏仁体,nhb,1
四肢骨,nhb,1
腰腹部,nhb,1
血管格,nhb,1
尺切迹,nhb,1
脂肪囊,nhb,1
耻骨弓,nhb,1
臀中肌,nhb,1
视交叉,nhb,1
会阴曲,nhb,1
肝裸区,nhb,1
鱼际部,nhb,1
处女膜,nhb,1
肝门区,nhb,1
骨穿刺,nhb,1
脸颊部,nhb,1
鼻唇沟,nhb,1
琵琶骨,nhb,1
多腹肌,nhb,1
冠状沟,nhb,1
胸大肌,nhb,1
颌神经,nhb,1
半环线,nhb,1
头发丝,nhb,1
横断层,nhb,1
脊膜支,nhb,1
肾筋膜,nhb,1
喉气管,nhb,1
鼻咽部,nhb,1
后背部,nhb,1
弓状线,nhb,1
股动脉,nhb,1
外侧束,nhb,1
阴茎脚,nhb,1
眶下壁,nhb,1
蚓锥体,nhb,1
阴茎头,nhb,1
掌远纹,nhb,1
小动脉,nhb,1
包皮口,nhb,1
喉咙部,nhb,1
关节面,nhb,1
泪小管,nhb,1
肺小叶,nhb,1
心内膜,nhb,1
附睾头,nhb,1
腺垂体,nhb,1
鞍结节,nhb,1
舌动脉,nhb,1
脑实质,nhb,1
壶腹部,nhb,1
腰间盘,nhb,1
各瓣膜,nhb,1
支气管,nhb,1
短伸肌,nhb,1
舌下腺,nhb,1
大收肌,nhb,1
股静脉,nhb,1
鼻前庭,nhb,1
小腿肌,nhb,1
肺纵隔,nhb,1
腭小孔,nhb,1
大鱼际,nhb,1
掌浅弓,nhb,1
肩胛带,nhb,1
小虎牙,nhb,1
尾状叶,nhb,1
联合腱,nhb,1
颅中窝,nhb,1
切牙孔,nhb,1
宫角部,nhb,1
枕骨髁,nhb,1
睾丸网,nhb,1
腕内收,nhb,1
胆总管,nhb,1
斜方肌,nhb,1
股骨颈,nhb,1
解剖颈,nhb,1
时关节,nhb,1
汗毛孔,nhb,1
松弛部,nhb,1
肝静脉,nhb,1
额上回,nhb,1
胸膜窦,nhb,1
囊韧带,nhb,1
多处骨,nhb,1
眼眶周,nhb,1
小脑部,nhb,1
鼻道腔,nhb,1
掌骨头,nhb,1
助呼气,nhb,1
腰部部,nhb,1
颅顶骨,nhb,1
对耳轮,nhb,1
颞中回,nhb,1
浅静脉,nhb,1
肝Ⅳ段,nhb,1
白胡子,nhb,1
睫毛腺,nhb,1
肱动脉,nhb,1
内髓板,nhb,1
淋巴球,nhb,1
大椎穴,nhb,1
外周血,nhb,1
颊动脉,nhb,1
上磨牙,nhb,1
腋尖群,nhb,1
三角骨,nhb,1
脑水管,nhb,1
幽门窦,nhb,1
网状核,nhb,1
脚弯处,nhb,1
外侧壁,nhb,1
眶脂体,nhb,1
裂孔疝,nhb,1
牙骨质,nhb,1
终止核,nhb,1
指关节,nhb,1
大弯侧,nhb,1
唇系带,nhb,1
脚指甲,nhb,1
双下肺,nhb,1
齿状回,nhb,1
脑组织,nhb,1
幽门口,nhb,1
腭大孔,nhb,1
内侧髁,nhb,1
奇静脉,nhb,1
脚间核,nhb,1
腰部骶,nhb,1
轴骨骼,nhb,1
竖脊肌,nhb,1
约束弓,nhb,1
纤维囊,nhb,1
眼部部,nhb,1
腰后背,nhb,1
半月线,nhb,1
两下肺,nhb,1
肋间肌,nhb,1
房室束,nhb,1
双眼眶,nhb,1
淋巴液,nhb,1
闭膜管,nhb,1
鼻中骨,nhb,1
肩膀部,nhb,1
翼状肩,nhb,1
鼓膜脐,nhb,1
肺实质,nhb,1
浅筋膜,nhb,1
深筋膜,nhb,1
胼胝体,nhb,1
肾皮质,nhb,1
内耳门,nhb,1
神经管,nhb,1
头部皮,nhb,1
肋胁部,nhb,1
面部部,nhb,1
苍白球,nhb,1
鼻旁窦,nhb,1
提睾肌,nhb,1
基底膜,nhb,1
脉管系,nhb,1
动脉弓,nhb,1
缝匠肌,nhb,1
骨垢线,nhb,1
肾压迹,nhb,1
冈上肌,nhb,1
分两叶,nhb,1
门静脉,nhb,1
淋巴腺,nhb,1
颌小舌,nhb,1
颊脂垫,nhb,1
眶下管,nhb,1
脸蛋儿,nhb,1
脉管学,nhb,1
头夹肌,nhb,1
神经核,nhb,1
冈上窝,nhb,1
大腿骨,nhb,1
肱静脉,nhb,1
侧脑室,nhb,1
上丘臂,nhb,1
肋结节,nhb,1
血管膜,nhb,1
单侧面,nhb,1
葡萄膜,nhb,1
传导路,nhb,1
颌关节,nhb,1
外侧核,nhb,1
子宫穹,nhb,1
眶上裂,nhb,1
右乳腺,nhb,1
舌神经,nhb,1
髂骨翼,nhb,1
椎弓根,nhb,1
边缘叶,nhb,1
双脚趾,nhb,1
手指甲,nhb,1
垂体柄,nhb,1
多关节,nhb,1
主动脉,nhb,1
旧小脑,nhb,1
栓状核,nhb,1
提携角,nhb,1
交感干,nhb,1
关节唇,nhb,1
冈下肌,nhb,1
胸后背,nhb,1
咽咽喉,nhb,1
舟状窝,nhb,1
双肺部,nhb,1
正中沟,nhb,1
假骨盆,nhb,1
鱼际纹,nhb,1
脑颅骨,nhb,1
小鱼际,nhb,1
腹白线,nhb,1
岩上窦,nhb,1
角化层,nhb,1
脑垂体,nhb,1
喙肱肌,nhb,1
天突穴,nhb,1
关节盂,nhb,1
胸背部,nhb,1
生殖道,nhb,1
尾锥骨,nhb,1
腿肚子,nhb,1
两手足,nhb,1
肺间质,nhb,1
大脑脚,nhb,1
两手指,nhb,1
环枢椎,nhb,1
脚踝部,nhb,1
大动脉,nhb,1
半膜肌,nhb,1
无血管,nhb,1
脊神经,nhb,1
对颌牙,nhb,1
精囊腺,nhb,1
鱼尾纹,nhb,1
肠脂垂,nhb,1
肺动脉,nhb,1
鼻烟壶,nhb,1
颏唇沟,nhb,1
消化腺,nhb,1
掌长肌,nhb,1
胃肠道,nhb,1
胃大弯,nhb,1
肝胆胰,nhb,1
泌尿道,nhb,1
胸横肌,nhb,1
横断面,nhb,1
骶骨尖,nhb,1
冠状位,nhb,1
椭圆囊,nhb,1
舌骨体,nhb,1
头皮屑,nhb,1
子宫口,nhb,1
臀大肌,nhb,1
骶尾部,nhb,1
三角窝,nhb,1
胆囊颈,nhb,1
距状裂,nhb,1
骨内膜,nhb,1
红骨髓,nhb,1
肝脂肪,nhb,1
分泌腺,nhb,1
底丘脑,nhb,1
髌上囊,nhb,1
缺牙区,nhb,1
假睫毛,nhb,1
髋臼窝,nhb,1
椎动脉,nhb,1
出尿口,nhb,1
贲门部,nhb,1
髁间窝,nhb,1
心窝部,nhb,1
膀胱体,nhb,1
腋动脉,nhb,1
悬雍垂,nhb,1
手掌心,nhb,1
小腿肚,nhb,1
球结膜,nhb,1
中央管,nhb,1
髂静脉,nhb,1
颌动脉,nhb,1
心切迹,nhb,1
豌豆骨,nhb,1
孤束核,nhb,1
肩椎盘,nhb,1
节制索,nhb,1
颜面部,nhb,1
多脏器,nhb,1
前庭球,nhb,1
海绵体,nhb,1
甲狀腺,nhb,1
掌骨间,nhb,1
风池穴,nhb,1
耳耳膜,nhb,1
腹后核,nhb,1
壶腹嵴,nhb,1
颈静脉,nhb,1
基底节,nhb,1
胫动脉,nhb,1
迷路壁,nhb,1
犁状肌,nhb,1
鼓室盖,nhb,1
眼睫毛,nhb,1
TMJ,nhb,1
镫骨底,nhb,1
头臂干,nhb,1
额桥束,nhb,1
听小骨,nhb,1
指根处,nhb,1
膜间部,nhb,1
腮腺部,nhb,1
睫状肌,nhb,1
桡切迹,nhb,1
眼动脉,nhb,1
轮匝肌,nhb,1
子宫颈,nhb,1
双肩部,nhb,1
尾状核,nhb,1
肾血管,nhb,1
神经节,nhb,1
尿尿口,nhb,1
脊柱缘,nhb,1
肾静脉,nhb,1
龟头部,nhb,1
古皮质,nhb,1
关节囊,nhb,1
剑突下,nhb,1
黄斑位,nhb,1
手指骨,nhb,1
锁切迹,nhb,1
月国窝,nhb,1
粘膜层,nhb,1
房间隔,nhb,1
心包壁,nhb,1
前磨牙,nhb,1
颅后窝,nhb,1
肩上肢,nhb,1
腰神经,nhb,1
呼吸道,nhb,1
肺门部,nhb,1
头盖骨,nhb,1
肚脐腹,nhb,1
手关节,nhb,1
楔间骨,nhb,1
锥体系,nhb,1
前连合,nhb,1
腰骶部,nhb,1
耳咽管,nhb,1
泪腺窝,nhb,1
肺上叶,nhb,1
宫颈部,nhb,1
切牙管,nhb,1
横切面,nhb,1
脊髓根,nhb,1
两肾盏,nhb,1
癌组织,nhb,1
内侧缘,nhb,1
尖牙窝,nhb,1
耳神经,nhb,1
头正面,nhb,1
淋巴系,nhb,1
中央沟,nhb,1
髂结节,nhb,1
平滑肌,nhb,1
乙状窦,nhb,1
尼氏体,nhb,1
肾小盏,nhb,1
淋巴干,nhb,1
心血管,nhb,1
结肠袋,nhb,1
跟结节,nhb,1
咽骨管,nhb,1
股骶弓,nhb,1
顶内沟,nhb,1
三叉骨,nhb,1
楔前回,nhb,1
腔静脉,nhb,1
肢动脉,nhb,1
桡骨体,nhb,1
颈阔肌,nhb,1
泪囊管,nhb,1
纤维膜,nhb,1
乳头肌,nhb,1
舌横肌,nhb,1
小脑幕,nhb,1
阴部管,nhb,1
梨状肌,nhb,1
耳根部,nhb,1
浆膜层,nhb,1
腓肠肌,nhb,1
下巴颏,nhb,1
眶上缘,nhb,1
桡骨颈,nhb,1
腰椎骨,nhb,1
头静脉,nhb,1
臀横纹,nhb,1
胸部部,nhb,1
卵巢门,nhb,1
附睾管,nhb,1
交叉池,nhb,1
横纹肌,nhb,1
大血管,nhb,1
静脉角,nhb,1
面颊部,nhb,1
胸骨体,nhb,1
豆状核,nhb,1
胃黏膜,nhb,1
白头发,nhb,1
上丘脑,nhb,1
小腿骨,nhb,1
右头部,nhb,1
腕关节,nhb,1
眼面部,nhb,1
肛乳头,nhb,1
双肾盏,nhb,1
腰动脉,nhb,1
肺舌段,nhb,1
胳肢窝,nhb,1
古小脑,nhb,1
真骨盆,nhb,1
泪囊区,nhb,1
眼睑球,nhb,1
腭中缝,nhb,1
心外膜,nhb,1
眶下裂,nhb,1
后磨牙,nhb,1
乳突窦,nhb,1
颈背部,nhb,1
指趾骨,nhb,1
腰骶丛,nhb,1
枕额肌,nhb,1
卵圆窝,nhb,1
膝盖骨,nhb,1
三部分,nhb,1
椎间孔,nhb,1
肾髓质,nhb,1
头面部,nhb,1
胸部背,nhb,1
脑脊膜,nhb,1
静脉瓣,nhb,1
二拇指,nhb,1
齿突凹,nhb,1
扁桃体,nhb,1
矢状缝,nhb,1
腹前核,nhb,1
肚脐部,nhb,1
血管少,nhb,1
双上肢,nhb,1
菱形肌,nhb,1
双肾盂,nhb,1
肱桡肌,nhb,1
双足趾,nhb,1
阳白穴,nhb,1
脚趾头,nhb,1
盆骨处,nhb,1
耳鼻喉,nhb,1
肱骨头,nhb,1
脑血管,nhb,1
肚脐周,nhb,1
咽侧壁,nhb,1
脉络丛,nhb,1
人字点,nhb,1
小圆肌,nhb,1
嗅神经,nhb,1
内囊前肢,nhb,1
周身肌肉,nhb,1
子宫外膜,nhb,1
尿道球腺,nhb,1
双轴关节,nhb,1
眼睛结膜,nhb,1
枕骨大孔,nhb,1
肩锁韧带,nhb,1
耻骨下支,nhb,1
软骨连结,nhb,1
末梢神经,nhb,1
展神经核,nhb,1
腹股沟部,nhb,1
耳大神经,nhb,1
结肠血管,nhb,1
自主神经,nhb,1
无名动脉,nhb,1
肝左内叶,nhb,1
颈髓灰质,nhb,1
冠状窦口,nhb,1
矢状窦沟,nhb,1
内脏神经,nhb,1
视神经管,nhb,1
肝内胆管,nhb,1
股内侧肌,nhb,1
腕关节面,nhb,1
基底动脉,nhb,1
脊髓圆锥,nhb,1
突触间隙,nhb,1
跖趾关节,nhb,1
男性尿道,nhb,1
桥小脑角,nhb,1
甲状软骨,nhb,1
胸膜隐窝,nhb,1
双中下肺,nhb,1
跟腓韧带,nhb,1
肝圆韧带,nhb,1
尿道外口,nhb,1
大脑脚底,nhb,1
肩关节囊,nhb,1
三个弯曲,nhb,1
可区分为,nhb,1
指骨滑车,nhb,1
腰部皮肤,nhb,1
坐骨韧带,nhb,1
淋巴导管,nhb,1
椎动脉沟,nhb,1
腰部背部,nhb,1
浅表静脉,nhb,1
枢椎齿突,nhb,1
肌肉关节,nhb,1
头颜面部,nhb,1
生殖系统,nhb,1
耻骨下角,nhb,1
小脑皮质,nhb,1
屈腕关节,nhb,1
海马旁回,nhb,1
乳突小房,nhb,1
腭扁桃体,nhb,1
筛窦后群,nhb,1
耻骨结节,nhb,1
腹膜鞘突,nhb,1
腘斜韧带,nhb,1
双肩胛部,nhb,1
灰质连合,nhb,1
生殖细胞,nhb,1
中央旁沟,nhb,1
腔静脉孔,nhb,1
段支气管,nhb,1
植物神经,nhb,1
声门下腔,nhb,1
尺骨滑车,nhb,1
乙状结肠,nhb,1
足底腱膜,nhb,1
肱骨中髁,nhb,1
脂肪组织,nhb,1
收肌结节,nhb,1
颈深筋膜,nhb,1
二三尖瓣,nhb,1
固有盆腔,nhb,1
骨性口腔,nhb,1
由颈上节,nhb,1
交叉韧带,nhb,1
第一骶椎,nhb,1
心肌灌注,nhb,1
环杓侧肌,nhb,1
弹性圆锥,nhb,1
小指指腹,nhb,1
胼胝体嘴,nhb,1
漏斗隐窝,nhb,1
纤维心包,nhb,1
小手指头,nhb,1
胃右静脉,nhb,1
阅读中枢,nhb,1
单轴关节,nhb,1
股外侧肌,nhb,1
股中间肌,nhb,1
拇长展肌,nhb,1
肺水平裂,nhb,1
肌肉组织,nhb,1
近节指骨,nhb,1
指伸肌腱,nhb,1
五脏六腑,nhb,1
大脑皮质,nhb,1
二分髌骨,nhb,1
肺动脉口,nhb,1
直肠壶腹,nhb,1
突触小泡,nhb,1
皮下组织,nhb,1
筛窦前群,nhb,1
枕外隆凸,nhb,1
消化器官,nhb,1
横突肋凹,nhb,1
侧副韧带,nhb,1
听觉中枢,nhb,1
寰椎后弓,nhb,1
关节盂唇,nhb,1
足趾皮肤,nhb,1
胸部背部,nhb,1
两眼睑皮,nhb,1
拇短展肌,nhb,1
食管颈段,nhb,1
精直小管,nhb,1
右侧附件,nhb,1
距跟关节,nhb,1
拇短伸肌,nhb,1
左胁腹部,nhb,1
大脑皮层,nhb,1
骨性结合,nhb,1
双肺下叶,nhb,1
肩部关节,nhb,1
间接连结,nhb,1
硬膜外腔,nhb,1
手指关节,nhb,1
髂前上棘,nhb,1
头颅血管,nhb,1
感觉神经,nhb,1
掌心动脉,nhb,1
消化系统,nhb,1
车轴关节,nhb,1
肚脐周围,nhb,1
低级中枢,nhb,1
心大静脉,nhb,1
肺支气管,nhb,1
全身关节,nhb,1
颈外静脉,nhb,1
腭帆提肌,nhb,1
蜗螺旋管,nhb,1
肢长管骨,nhb,1
无结肠袋,nhb,1
子宫附件,nhb,1
气管隆突,nhb,1
分泌液体,nhb,1
周身关节,nhb,1
肾旁脂体,nhb,1
基本结构,nhb,1
提上睑肌,nhb,1
尿生殖膈,nhb,1
尿生殖隔,nhb,1
手臂肌肉,nhb,1
尺骨茎突,nhb,1
两肺下叶,nhb,1
肱二头肌,nhb,1
神经末梢,nhb,1
颌窦裂孔,nhb,1
神经因子,nhb,1
质地较硬,nhb,1
空肠动脉,nhb,1
腓关节面,nhb,1
淋巴系统,nhb,1
腓深神经,nhb,1
头颅静脉,nhb,1
喙锁韧带,nhb,1
脊神经节,nhb,1
睾丸动脉,nhb,1
卵巢静脉,nhb,1
十二指肠,nhb,1
韧带连结,nhb,1
股骨头凹,nhb,1
齿状韧带,nhb,1
注射针眼,nhb,1
距骨滑车,nhb,1
转子间线,nhb,1
颈部动脉,nhb,1
内囊后肢,nhb,1
第十二肋,nhb,1
主支气管,nhb,1
大拇指头,nhb,1
食管裂孔,nhb,1
屈戌关节,nhb,1
足背肿块,nhb,1
鼻腔黏膜,nhb,1
茎突舌肌,nhb,1
幼女阴道,nhb,1
前纵韧带,nhb,1
降主动脉,nhb,1
心脑血管,nhb,1
背部腰部,nhb,1
小脑半球,nhb,1
鼻道粘膜,nhb,1
内分泌腺,nhb,1
肋间神经,nhb,1
前倾前屈,nhb,1
面神经核,nhb,1
髂外静脉,nhb,1
咽下缩肌,nhb,1
第一胸椎,nhb,1
腰骶部部,nhb,1
腰背部部,nhb,1
中脑被盖,nhb,1
包皮系带,nhb,1
伸膝关节,nhb,1
半关节面,nhb,1
头部面部,nhb,1
乳头皮肤,nhb,1
滑车关节,nhb,1
主动脉弓,nhb,1
腰椎穿刺,nhb,1
肱骨小头,nhb,1
直肠后壁,nhb,1
输送管道,nhb,1
直接连结,nhb,1
三维重建,nhb,1
胃窦大弯,nhb,1
足背动脉,nhb,1
坐骨神经,nhb,1
滑车切迹,nhb,1
肝左静脉,nhb,1
视神经盘,nhb,1
坐骨大孔,nhb,1
结缔组织,nhb,1
颞上下回,nhb,1
面神经管,nhb,1
第五脑室,nhb,1
屈伸运动,nhb,1
附肢骨骼,nhb,1
升主动脉,nhb,1
骨性鼻腔,nhb,1
房室交点,nhb,1
背外侧核,nhb,1
外周组织,nhb,1
锥体交叉,nhb,1
续于气管,nhb,1
口腔黏膜,nhb,1
腰升静脉,nhb,1
双手肌肉,nhb,1
前列腺素,nhb,1
腓骨短肌,nhb,1
腰椎间盘,nhb,1
腹股沟镰,nhb,1
颈动脉鞘,nhb,1
腹外侧核,nhb,1
真皮组织,nhb,1
锁骨下窝,nhb,1
趾长伸肌,nhb,1
胸锁关节,nhb,1
大脑半球,nhb,1
颈动脉壁,nhb,1
坐骨小孔,nhb,1
阴囊皮肤,nhb,1
肢带连结,nhb,1
大隐静脉,nhb,1
中央灰质,nhb,1
最上鼻甲,nhb,1
棘上韧带,nhb,1
枕外隆突,nhb,1
肝左右管,nhb,1
第三狭窄,nhb,1
生理弯曲,nhb,1
翼状韧带,nhb,1
钩椎关节,nhb,1
环枢关节,nhb,1
气管隆嵴,nhb,1
膝横韧带,nhb,1
第二肝门,nhb,1
舟骨粗隆,nhb,1
软骨间部,nhb,1
输卵管端,nhb,1
小指展肌,nhb,1
动眼神经,nhb,1
胼胝体沟,nhb,1
心尖切迹,nhb,1
运动系统,nhb,1
阑尾周围,nhb,1
半身软瘫,nhb,1
心血管系,nhb,1
感觉器官,nhb,1
交通动脉,nhb,1
人体器官,nhb,1
神经纤维,nhb,1
膝状体核,nhb,1
腹内斜肌,nhb,1
锁骨下干,nhb,1
左肺上叶,nhb,1
耳颞神经,nhb,1
内感受器,nhb,1
脑下垂体,nhb,1
筛骨迷路,nhb,1
胫腓连结,nhb,1
颈静脉壁,nhb,1
硬膜外隙,nhb,1
会阴神经,nhb,1
跗跖关节,nhb,1
背侧丘脑,nhb,1
胆囊三角,nhb,1
输卵管伞,nhb,1
肝右静脉,nhb,1
套状结构,nhb,1
颞骨鳞部,nhb,1
内生殖器,nhb,1
大脑白质,nhb,1
投射纤维,nhb,1
内侧纵弓,nhb,1
边缘系统,nhb,1
滑膜关节,nhb,1
椎上切迹,nhb,1
充盈程度,nhb,1
半身硬瘫,nhb,1
泌尿生殖,nhb,1
股深动脉,nhb,1
小脚趾头,nhb,1
杓会厌襞,nhb,1
头臂静脉,nhb,1
结节间沟,nhb,1
跳跃韧带,nhb,1
网状结构,nhb,1
肝尾状叶,nhb,1
肩脚下窝,nhb,1
腹腔穿刺,nhb,1
闭孔神经,nhb,1
颈静脉窝,nhb,1
肋锁韧带,nhb,1
幽门前区,nhb,1
胸骨下角,nhb,1
输乳管窦,nhb,1
宫体后壁,nhb,1
丘系交叉,nhb,1
腰骶膨大,nhb,1
闭孔内肌,nhb,1
颌舌骨线,nhb,1
胼胝体干,nhb,1
左室后支,nhb,1
神经外膜,nhb,1
中央前回,nhb,1
头半棘肌,nhb,1
阑尾肌壁,nhb,1
耳后动脉,nhb,1
神经中枢,nhb,1
结肠左曲,nhb,1
汇人静脉,nhb,1
盂肱关节,nhb,1
颌舌骨肌,nhb,1
结肠压迹,nhb,1
拇对掌肌,nhb,1
连结形式,nhb,1
大脑纵裂,nhb,1
分歧韧带,nhb,1
小趾展肌,nhb,1
大多角骨,nhb,1
纤维连结,nhb,1
手掌尺侧,nhb,1
髂腰韧带,nhb,1
输精管道,nhb,1
腋动静脉,nhb,1
双肾静脉,nhb,1
咬肌间隙,nhb,1
寰枕前膜,nhb,1
肺静脉口,nhb,1
寰枕后膜,nhb,1
髂内静脉,nhb,1
内分泌系,nhb,1
双下肢肌,nhb,1
背内侧核,nhb,1
盂下结节,nhb,1
耻骨联合,nhb,1
头颅定位,nhb,1
侧副循环,nhb,1
肝门静脉,nhb,1
脑脊被膜,nhb,1
主动脉口,nhb,1
耻骨上支,nhb,1
视觉神经,nhb,1
大结节嵴,nhb,1
叶支气管,nhb,1
气管软骨,nhb,1
牙龈黏膜,nhb,1
肋间血管,nhb,1
旧纹状体,nhb,1
骶棘韧带,nhb,1
小腿关节,nhb,1
股骨髌面,nhb,1
肋膈隐窝,nhb,1
腭帆张肌,nhb,1
腕横韧带,nhb,1
附脐静脉,nhb,1
下叶斜裂,nhb,1
枕内隆突,nhb,1
跟骰关节,nhb,1
指深屈肌,nhb,1
乳房皮肤,nhb,1
双肾动脉,nhb,1
小指伸肌,nhb,1
结肠旁沟,nhb,1
外展神经,nhb,1
乙状窦沟,nhb,1
颈部静脉,nhb,1
会厌软骨,nhb,1
前庭韧带,nhb,1
同名动脉,nhb,1
口腔神经,nhb,1
面神经丘,nhb,1
上橄榄核,nhb,1
组织边缘,nhb,1
矢状断层,nhb,1
精细触觉,nhb,1
前基底段,nhb,1
咽扁桃体,nhb,1
颈动脉管,nhb,1
第十胸椎,nhb,1
肋头关节,nhb,1
子宫动脉,nhb,1
浆膜心包,nhb,1
联合关节,nhb,1
腕部尺侧,nhb,1
软骨化骨,nhb,1
腹后侧核,nhb,1
直肠上段,nhb,1
弓状韧带,nhb,1
胸腰筋膜,nhb,1
胳膊肘子,nhb,1
拇长伸肌,nhb,1
颏舌骨肌,nhb,1
咽旁间隙,nhb,1
鼻腔粘膜,nhb,1
星形细胞,nhb,1
前列腺部,nhb,1
结肠右曲,nhb,1
蝶骨小翼,nhb,1
颌下间隙,nhb,1
肩胛下窝,nhb,1
皮下脂肪,nhb,1
斜裂叶间,nhb,1
生精小管,nhb,1
子宫颈管,nhb,1
眉体头尾,nhb,1
周围神经,nhb,1
面部皮肤,nhb,1
三轴关节,nhb,1
胃酶细胞,nhb,1
尺骨鹰嘴,nhb,1
头颅弥散,nhb,1
免疫系统,nhb,1
子宫位置,nhb,1
立方上皮,nhb,1
小隐静脉,nhb,1
中斜角肌,nhb,1
骨骼系统,nhb,1
大腿旋内,nhb,1
浑身肌肉,nhb,1
牙槽神经,nhb,1
楔束结节,nhb,1
周围系膜,nhb,1
牙龈粘膜,nhb,1
口腔前庭,nhb,1
脉管系统,nhb,1
球窝关节,nhb,1
口轮匝肌,nhb,1
膀胱三角,nhb,1
子宫内膜,nhb,1
奇静脉弓,nhb,1
乳头体核,nhb,1
滑膜绒毛,nhb,1
髂后下棘,nhb,1
食管压迹,nhb,1
营养眼球,nhb,1
颈内动脉,nhb,1
肝总动脉,nhb,1
第一腰椎,nhb,1
咽后间隙,nhb,1
泌尿器官,nhb,1
松果体池,nhb,1
尿道膜部,nhb,1
尺神经沟,nhb,1
腓总神经,nhb,1
翼肌粗隆,nhb,1
三角韧带,nhb,1
肋骨附近,nhb,1
颌骨关节,nhb,1
颅脑灌注,nhb,1
颈淋巴结,nhb,1
岩大神经,nhb,1
乳腺小叶,nhb,1
纤维组织,nhb,1
骨间关节,nhb,1
甲状颈干,nhb,1
喙肩韧带,nhb,1
滑膜之外,nhb,1
口腔粘膜,nhb,1
皮质核束,nhb,1
腋下淋巴,nhb,1
右肺上叶,nhb,1
心中静脉,nhb,1
眼睑皮肤,nhb,1
贲门切迹,nhb,1
皮肤粘膜,nhb,1
颈部淋巴,nhb,1
大腿后伸,nhb,1
正中神经,nhb,1
弓状隆起,nhb,1
远节指骨,nhb,1
横突间肌,nhb,1
神经递质,nhb,1
鼓膜张肌,nhb,1
颞浅动脉,nhb,1
于胃大弯,nhb,1
髋臼切迹,nhb,1
硬脑膜窦,nhb,1
髂总动脉,nhb,1
肺下静脉,nhb,1
肺上静脉,nhb,1
腹腔全部,nhb,1
感觉系统,nhb,1
坐骨结节,nhb,1
枕内隆凸,nhb,1
鞍状关节,nhb,1
锁间韧带,nhb,1
肚脐上腹,nhb,1
牙槽动脉,nhb,1
尿道球部,nhb,1
腹直肌鞘,nhb,1
股四头肌,nhb,1
股二头肌,nhb,1
阑尾动脉,nhb,1
前斜角肌,nhb,1
舌咽神经,nhb,1
薄束结节,nhb,1
降口角肌,nhb,1
腰下三角,nhb,1
椎前间隙,nhb,1
宫体前壁,nhb,1
肾副动脉,nhb,1
颌骨髁突,nhb,1
结肠系膜,nhb,1
额叶皮质,nhb,1
胫骨前肌,nhb,1
耳后乳突,nhb,1
棘间韧带,nhb,1
泌尿系统,nhb,1
宫内组织,nhb,1
肱骨滑车,nhb,1
胫后动脉,nhb,1
浑身关节,nhb,1
色素细胞,nhb,1
肋间外肌,nhb,1
内脏器官,nhb,1
睾丸静脉,nhb,1
前外侧沟,nhb,1
肌层内见,nhb,1
口颌系统,nhb,1
小脑中脚,nhb,1
杓间切迹,nhb,1
后室间支,nhb,1
近端肌肉,nhb,1
后纵韧带,nhb,1
腹横筋膜,nhb,1
食管静脉,nhb,1
咽咽喉部,nhb,1
拇短屈肌,nhb,1
臂骨间膜,nhb,1
腹外斜肌,nhb,1
关节软骨,nhb,1
四肢远端,nhb,1
帽状腱膜,nhb,1
舌扁桃体,nhb,1
第一肋骨,nhb,1
第六脑室,nhb,1
小脑绒球,nhb,1
中央后回,nhb,1
颈内静脉,nhb,1
神经束膜,nhb,1
小肠系膜,nhb,1
密闭的腔,nhb,1
前臂旋后,nhb,1
颞颌关节,nhb,1
两肩胛部,nhb,1
双肺上叶,nhb,1
腹腹股沟,nhb,1
小脑下脚,nhb,1
尿道内口,nhb,1
牙周组织,nhb,1
胸背部部,nhb,1
枕骨斜坡,nhb,1
上泌延核,nhb,1
颈动脉沟,nhb,1
冠状断层,nhb,1
杓状软骨,nhb,1
过度后伸,nhb,1
三个狭窄,nhb,1
交感神经,nhb,1
腓浅神经,nhb,1
分泌系统,nhb,1
食管腹段,nhb,1
耻骨韧带,nhb,1
拇长屈肌,nhb,1
颌窦黏膜,nhb,1
毛细血管,nhb,1
坐股韧带,nhb,1
主动脉沟,nhb,1
胃左静脉,nhb,1
发音器官,nhb,1
面部轮廓,nhb,1
阴茎包皮,nhb,1
营养内囊,nhb,1
胸长神经,nhb,1
肩胛背部,nhb,1
肩胛上群,nhb,1
舟楔关节,nhb,1
喉上神经,nhb,1
三叉神经,nhb,1
下橄榄核,nhb,1
椎静脉丛,nhb,1
肾大小盏,nhb,1
桡尺连结,nhb,1
腹腔动脉,nhb,1
颞深动脉,nhb,1
髂内动脉,nhb,1
全髋关节,nhb,1
肩锁关节,nhb,1
内基底段,nhb,1
楔束副核,nhb,1
腓骨长肌,nhb,1
外基底段,nhb,1
髂腰动脉,nhb,1
双手皮肤,nhb,1
喉部粘膜,nhb,1
贵要静脉,nhb,1
额内侧回,nhb,1
丝状乳头,nhb,1
肩膀关节,nhb,1
视觉中枢,nhb,1
眶下神经,nhb,1
右房室口,nhb,1
镰状韧带,nhb,1
中节指骨,nhb,1
第三脑室,nhb,1
两肩关节,nhb,1
一侧肢体,nhb,1
同侧面部,nhb,1
关节结节,nhb,1
内侧隆起,nhb,1
多轴关节,nhb,1
神经系统,nhb,1
第三肝门,nhb,1
胰横动脉,nhb,1
低垂部位,nhb,1
雌性激素,nhb,1
胸肋关节,nhb,1
静脉韧带,nhb,1
前庭大腺,nhb,1
桡骨粗隆,nhb,1
胆囊切迹,nhb,1
跟骨结节,nhb,1
卵巢系膜,nhb,1
寰枢关节,nhb,1
尺骨冠突,nhb,1
上泌涎核,nhb,1
肝肾隐窝,nhb,1
眼轮匝肌,nhb,1
内侧纵束,nhb,1
趾长屈肌,nhb,1
小多角骨,nhb,1
右侧胸腔,nhb,1
颈横神经,nhb,1
传导通路,nhb,1
咽淋巴环,nhb,1
喉返神经,nhb,1
肺除斜裂,nhb,1
动脉圆锥,nhb,1
发育而成,nhb,1
肱桡关节,nhb,1
降下唇肌,nhb,1
颈总动脉,nhb,1
软骨细胞,nhb,1
循环系统,nhb,1
气管分叉,nhb,1
髂后上嵴,nhb,1
耻骨间盘,nhb,1
运动神经,nhb,1
外阴皮肤,nhb,1
趾短屈肌,nhb,1
屁股蛋子,nhb,1
封套筋膜,nhb,1
大脑横裂,nhb,1
手部肌肉,nhb,1
胸主动脉,nhb,1
枕小神经,nhb,1
胃右动脉,nhb,1
寰枕关节,nhb,1
蝶腭神经,nhb,1
距下关节,nhb,1
桡腕关节,nhb,1
肾前筋膜,nhb,1
肋间内肌,nhb,1
骨半规管,nhb,1
中央中核,nhb,1
距舟关节,nhb,1
髂后上棘,nhb,1
小脑上脚,nhb,1
阑尾系膜,nhb,1
睫状体部,nhb,1
眼眼睑皮,nhb,1
肝右前叶,nhb,1
外感受器,nhb,1
食管胸部,nhb,1
颈静脉孔,nhb,1
连合纤维,nhb,1
无静脉瓣,nhb,1
大脑水管,nhb,1
两肺间质,nhb,1
两手肌肉,nhb,1
肺动脉段,nhb,1
颈外动脉,nhb,1
阴部神经,nhb,1
肋椎关节,nhb,1
呼吸器官,nhb,1
脊椎神经,nhb,1
蝶骨大翼,nhb,1
耻骨肌线,nhb,1
屈指作用,nhb,1
颈部血管,nhb,1
中枢神经,nhb,1
髂外动脉,nhb,1
透明软骨,nhb,1
掌侧韧带,nhb,1
Ⅲ度房室,nhb,1
胸骨后胸,nhb,1
颌牙槽突,nhb,1
胸后背部,nhb,1
颧骨额突,nhb,1
侧髋关节,nhb,1
颗粒小凹,nhb,1
包皮龟头,nhb,1
环杓后肌,nhb,1
胫前动脉,nhb,1
半月裂孔,nhb,1
皮肤黏膜,nhb,1
胼胝体膝,nhb,1
内侧嗅纹,nhb,1
盆会阴部,nhb,1
前列腺沟,nhb,1
间位帆池,nhb,1
臂从神经,nhb,1
子宫前屈,nhb,1
十二胸椎,nhb,1
直肠横襞,nhb,1
淋巴组织,nhb,1
腓肠神经,nhb,1
侧副三角,nhb,1
边缘动脉,nhb,1
丘脑前核,nhb,1
囊内韧带,nhb,1
副神经核,nhb,1
中央后沟,nhb,1
腹股沟管,nhb,1
冠状韧带,nhb,1
转子间嵴,nhb,1
四叠体池,nhb,1
伤寒杆菌,nhb,1
肝胃韧带,nhb,1
胆囊动脉,nhb,1
肱尺关节,nhb,1
颌下腺管,nhb,1
泌酸细胞,nhb,1
大腿肌肉,nhb,1
肱三头肌,nhb,1
指中间纹,nhb,1
膝中动脉,nhb,1
尾骶部部,nhb,1
甲状旁腺,nhb,1
肾后筋膜,nhb,1
下泌涎核,nhb,1
踝膝关节,nhb,1
胫腓关节,nhb,1
传导冲动,nhb,1
轴骨连结,nhb,1
咬肌粗隆,nhb,1
冠状动脉,nhb,1
组织细胞,nhb,1
双肾区腰,nhb,1
辅助结构,nhb,1
翼上颌裂,nhb,1
髂耻隆起,nhb,1
第四脑室,nhb,1
双眼睑皮,nhb,1
脏层胸膜,nhb,1
喉中间腔,nhb,1
髂股韧带,nhb,1
枢椎上份,nhb,1
小腿肚子,nhb,1
单动关节,nhb,1
新纹状体,nhb,1
桡神经沟,nhb,1
盂肱韧带,nhb,1
肩胛切迹,nhb,1
双肩关节,nhb,1
口内黏膜,nhb,1
大脑神经,nhb,1
淋巴滤泡,nhb,1
眼上肌群,nhb,1
胫骨后肌,nhb,1
枕下神经,nhb,1
卵巢动脉,nhb,1
环状软骨,nhb,1
蛛网膜粒,nhb,1
颞上下沟,nhb,1
精曲小管,nhb,1
椭圆关节,nhb,1
腔静脉瓣,nhb,1
脑干背侧,nhb,1
顶盖前区,nhb,1
腮腺导管,nhb,1
软骨基质,nhb,1
蒲氏纤维,nhb,1
肝中静脉,nhb,1
舌下神经,nhb,1
闭孔动脉,nhb,1
腋淋巴结,nhb,1
主动脉窦,nhb,1
固有鼻腔,nhb,1
髂总静脉,nhb,1
肌皮神经,nhb,1
半奇静脉,nhb,1
胸骨上窝,nhb,1
肝胆脾胰,nhb,1
外侧纵弓,nhb,1
两眼结膜,nhb,1
指浅屈肌,nhb,1
闭孔外肌,nhb,1
结肠动脉,nhb,1
肺动脉瓣,nhb,1
口角肌肉,nhb,1
腹主动脉,nhb,1
耻骨下弯,nhb,1
肢体肌肉,nhb,1
腔静脉口,nhb,1
掌指关节,nhb,1
小脑上池,nhb,1
肩胛下肌,nhb,1
联动关节,nhb,1
女性骨盆,nhb,1
旋转运动,nhb,1
生殖器官,nhb,1
蝶筛隐窝,nhb,1
旋前圆肌,nhb,1
会阴动脉,nhb,1
回肠末端,nhb,1
囊外韧带,nhb,1
脊柱变异,nhb,1
盂上结节,nhb,1
粘膜组织,nhb,1
颞骨岩部,nhb,1
顶下小叶,nhb,1
方形小叶,nhb,1
枕叶皮质,nhb,1
纤维软骨,nhb,1
屈髋关节,nhb,1
成骨细胞,nhb,1
幽门压迹,nhb,1
会厌结节,nhb,1
腰部骶部,nhb,1
听诊三角,nhb,1
喉下神经,nhb,1
尺骨粗隆,nhb,1
髂前下棘,nhb,1
颈部胸部,nhb,1
胫骨粗隆,nhb,1
面部肌肉,nhb,1
锁骨上窝,nhb,1
枕大神经,nhb,1
阴道粘膜,nhb,1
回肠动脉,nhb,1
耻股韧带,nhb,1
神经内膜,nhb,1
骶正中嵴,nhb,1
耻骨前弯,nhb,1
腋毛毛干,nhb,1
甲状腺峡,nhb,1
双側胸腔,nhb,1
软骨结合,nhb,1
前室间支,nhb,1
锥体外系,nhb,1
迷走神经,nhb,1
前庭蜗器,nhb,1
前半规管,nhb,1
骶管裂孔,nhb,1
骶髂关节,nhb,1
特殊部位,nhb,1
神经胶质,nhb,1
脾动静脉,nhb,1
主动脉瓣,nhb,1
脊柱侧屈,nhb,1
食管胸段,nhb,1
中央前沟,nhb,1
手术切口,nhb,1
阴道前庭,nhb,1
尿生殖区,nhb,1
回肠末段,nhb,1
颈浅动脉,nhb,1
中枢系统,nhb,1
膝骨关节,nhb,1
顶上小叶,nhb,1
比目鱼肌,nhb,1
蜗神经核,nhb,1
邻近器官,nhb,1
眶上切迹,nhb,1
下腔静脉,nhb,1
跗横关节,nhb,1
头颅动脉,nhb,1
腕掌关节,nhb,1
全身肌肉,nhb,1
前臂旋前,nhb,1
动脉韧带,nhb,1
滑膜脂垫,nhb,1
双肺间质,nhb,1
双肺实质,nhb,1
平面关节,nhb,1
肺动脉干,nhb,1
小结节嵴,nhb,1
海绵体部,nhb,1
背外侧束,nhb,1
睾丸鞘膜,nhb,1
双层腹膜,nhb,1
喙肱韧带,nhb,1
趾短伸肌,nhb,1
耳神经节,nhb,1
肝左外叶,nhb,1
股骨中髁,nhb,1
双眼结膜,nhb,1
梨状隐窝,nhb,1
小腿肌肉,nhb,1
生理盲点,nhb,1
弓状纤维,nhb,1
外膜组织,nhb,1
椎下切迹,nhb,1
呼吸系统,nhb,1
菌状乳头,nhb,1
桡骨茎突,nhb,1
腰部腿部,nhb,1
指间关节,nhb,1
腰五骶一,nhb,1
全身多处,nhb,1
肛周皮肤,nhb,1
嗓子咽部,nhb,1
滑车神经,nhb,1
膝交叉韧带,nhb,1
双下肢淋巴,nhb,1
精索内筋膜,nhb,1
小脑丘脑束,nhb,1
球海绵体肌,nhb,1
子宫主韧带,nhb,1
皮质脊髓束,nhb,1
食管静脉丛,nhb,1
体循环静脉,nhb,1
小脑上动脉,nhb,1
腰内脏神经,nhb,1
乳房悬韧带,nhb,1
第四腰椎体,nhb,1
枕额肌额腹,nhb,1
输卵管壶腹,nhb,1
臀下皮神经,nhb,1
髂外淋巴结,nhb,1
大脑中动脉,nhb,1
女性腹膜腔,nhb,1
断面解剖学,nhb,1
腓侧副热带,nhb,1
盆内脏神经,nhb,1
腹壁浅静脉,nhb,1
翼突内侧板,nhb,1
肩关节旋转,nhb,1
锁骨上神经,nhb,1
坐骨肛门窝,nhb,1
脊髓固有束,nhb,1
脊神经前支,nhb,1
屈掌指关节,nhb,1
桡侧副韧带,nhb,1
右头臂静脉,nhb,1
距足舟关节,nhb,1
浅表淋巴结,nhb,1
桡侧三指半,nhb,1
阴部外静脉,nhb,1
肾上腺静脉,nhb,1
白质前连合,nhb,1
坐骨大切迹,nhb,1
肩胛带肌肉,nhb,1
头臂干静脉,nhb,1
室间隔膜部,nhb,1
胫腓前韧带,nhb,1
躯体运动性,nhb,1
后角固有核,nhb,1
大脑外侧窝,nhb,1
泌尿生殖道,nhb,1
胸锁乳突肌,nhb,1
支气管肺段,nhb,1
瞳孔开大肌,nhb,1
肛门括约肌,nhb,1
下颌淋巴结,nhb,1
比目鱼肌线,nhb,1
多极神经元,nhb,1
尺侧腕屈肌,nhb,1
新生儿膀胱,nhb,1
跗骨间关节,nhb,1
感觉神经元,nhb,1
腹股沟浅环,nhb,1
会阴浅筋膜,nhb,1
头后大直肌,nhb,1
下行传导束,nhb,1
尺侧腕伸肌,nhb,1
肝门静脉系,nhb,1
卵巢悬韧带,nhb,1
纵膈软组织,nhb,1
椎上下切迹,nhb,1
前庭脊髓束,nhb,1
胃左右动脉,nhb,1
腋下淋巴结,nhb,1
动静脉吻合,nhb,1
直肠静脉丛,nhb,1
胸廓的组成,nhb,1
腹壁下动脉,nhb,1
股骨大转子,nhb,1
鼓膜松弛部,nhb,1
胸骨蔽心突,nhb,1
骨间掌侧肌,nhb,1
小脑扁桃体,nhb,1
生理性弯曲,nhb,1
胸壁软组织,nhb,1
第一个狭窄,nhb,1
蛛网膜下隙,nhb,1
运动神经元,nhb,1
丘脑前辐射,nhb,1
豆状核的壳,nhb,1
肋间后动脉,nhb,1
心室流人道,nhb,1
面神经颈支,nhb,1
肝镰状韧带,nhb,1
颈深淋巴结,nhb,1
颈神经前支,nhb,1
附肢骨连结,nhb,1
腹膜从腹壁,nhb,1
颈动脉小球,nhb,1
咽喉部粘膜,nhb,1
跖骨间关节,nhb,1
胃左动静脉,nhb,1
距小腿关节,nhb,1
直肠上动脉,nhb,1
前庭蜗神经,nhb,1
肝固有动脉,nhb,1
内脏神经系,nhb,1
甲状舌骨肌,nhb,1
胃壁深肌层,nhb,1
侧脑室前角,nhb,1
颌骨牙槽突,nhb,1
咽鼓管咽口,nhb,1
股骨头韧带,nhb,1
颌面部皮肤,nhb,1
大体解剖学,nhb,1
后角边缘核,nhb,1
大脑后动脉,nhb,1
星状神经节,nhb,1
胸廓内动脉,nhb,1
第二个狭窄,nhb,1
肺上下静脉,nhb,1
小腿三头肌,nhb,1
甲状腺峡部,nhb,1
大脑导水管,nhb,1
胫骨内侧髁,nhb,1
全层达壁外,nhb,1
前倾前屈位,nhb,1
舌骨上肌群,nhb,1
静脉韧带裂,nhb,1
指近远侧纹,nhb,1
胆总管走行,nhb,1
足背静脉弓,nhb,1
前庭小脑束,nhb,1
软骨间连结,nhb,1
旋髂浅静脉,nhb,1
蛛网膜颗粒,nhb,1
横结肠系膜,nhb,1
三叉神经节,nhb,1
小肠系膜根,nhb,1
髂腹下神经,nhb,1
硬膜外脂肪,nhb,1
翼突外侧板,nhb,1
副交感神经,nhb,1
尺侧副韧带,nhb,1
髂内外动脉,nhb,1
潜在性间隙,nhb,1
本体感受器,nhb,1
腹股沟韧带,nhb,1
腹前外侧群,nhb,1
输尿管间襞,nhb,1
肠壁深肌层,nhb,1
耻骨联合面,nhb,1
耳前淋巴结,nhb,1
心脏大血管,nhb,1
脑桥基底部,nhb,1
网状脊髓束,nhb,1
前庭神经核,nhb,1
环状软骨弓,nhb,1
胫侧副韧带,nhb,1
鼓膜紧张部,nhb,1
脐周静脉网,nhb,1
直乙交界段,nhb,1
颈背部肌肉,nhb,1
肩关节旋内,nhb,1
主动脉裂孔,nhb,1
脑膜中动脉,nhb,1
关节突关节,nhb,1
颌下神经节,nhb,1
局部解剖学,nhb,1
股骨内侧髁,nhb,1
胸外侧神经,nhb,1
颞下颌关节,nhb,1
会阴浅横肌,nhb,1
盆腔会阴部,nhb,1
腕骨间关节,nhb,1
神经原纤维,nhb,1
肝中间静脉,nhb,1
阔筋膜张肌,nhb,1
咽鼓管圆枕,nhb,1
丘脑间粘合,nhb,1
松果体隐窝,nhb,1
薄束和楔束,nhb,1
乳头丘脑束,nhb,1
蛛网膜下池,nhb,1
横突间韧带,nhb,1
声襞前庭裂,nhb,1
输精管壶腹,nhb,1
卵巢子宫索,nhb,1
舌下腺大管,nhb,1
髂总淋巴管,nhb,1
外阴部浅表,nhb,1
臂伸肌肌群,nhb,1
区域淋巴结,nhb,1
胸锁前韧带,nhb,1
肘正中静脉,nhb,1
距跟舟关节,nhb,1
周围神经部,nhb,1
成对的器官,nhb,1
左冠前降支,nhb,1
蜗管前庭壁,nhb,1
颈静脉切迹,nhb,1
颈静脉结节,nhb,1
滑车神经核,nhb,1
旋肩胛动脉,nhb,1
毛细淋巴管,nhb,1
口腔颌面部,nhb,1
中环层肌肉,nhb,1
腹腔神经节,nhb,1
内脏感觉性,nhb,1
颌下淋巴结,nhb,1
股骨内上髁,nhb,1
胸骨舌骨肌,nhb,1
心血管系统,nhb,1
室间隔肌部,nhb,1
桡侧腕屈肌,nhb,1
关节半月板,nhb,1
股骨外侧髁,nhb,1
臂丛内侧束,nhb,1
丘脑上辐射,nhb,1
平滑肌纤维,nhb,1
抗利尿激素,nhb,1
周围神经系,nhb,1
三级神经元,nhb,1
甲状腺舌管,nhb,1
大脑动脉环,nhb,1
舌骨下肌群,nhb,1
眶上裂人眶,nhb,1
股二头肌腱,nhb,1
肱骨外上髁,nhb,1
肢骨外上髁,nhb,1
阴部内动脉,nhb,1
中枢神经系,nhb,1
双肾动静脉,nhb,1
顶盖脊髓束,nhb,1
耳后淋巴结,nhb,1
掌骨间关节,nhb,1
头臂干分支,nhb,1
耻骨上韧带,nhb,1
尺骨桡切迹,nhb,1
中间内侧核,nhb,1
精索外筋膜,nhb,1
第二腰椎体,nhb,1
拇长伸肌腱,nhb,1
胫腓后韧带,nhb,1
肘关节伸直,nhb,1
椎基底动脉,nhb,1
手背静脉网,nhb,1
距腓前韧带,nhb,1
颈部淋巴结,nhb,1
邻近淋巴结,nhb,1
三尖瓣前尖,nhb,1
侧脑室后角,nhb,1
肋横突韧带,nhb,1
甲状腺侧叶,nhb,1
同侧眼结膜,nhb,1
左肺下叶肺,nhb,1
虹膜角膜角,nhb,1
纵膈淋巴结,nhb,1
支气管粘膜,nhb,1
面神经管凸,nhb,1
肱二头肌腱,nhb,1
面颈部淋巴,nhb,1
锁骨下静脉,nhb,1
髋臼横韧带,nhb,1
尿道海绵体,nhb,1
蜗管外侧壁,nhb,1
传出神经元,nhb,1
传人神经元,nhb,1
股骨外上髁,nhb,1
肩胛舌骨肌,nhb,1
胸锁后韧带,nhb,1
头上下斜肌,nhb,1
环状软骨板,nhb,1
颅骨的连结,nhb,1
腹腔淋巴结,nhb,1
拇短伸肌腱,nhb,1
臀上下神经,nhb,1
寰椎右侧块,nhb,1
股后皮神经,nhb,1
副左肾动脉,nhb,1
大脑纵裂池,nhb,1
胸腔软组织,nhb,1
锁骨下动脉,nhb,1
髂前上下棘,nhb,1
髂内动静脉,nhb,1
咽鼓管咽肌,nhb,1
耻骨直肠肌,nhb,1
肝左动静脉,nhb,1
翼下颌间隙,nhb,1
小腿骨间膜,nhb,1
中央旁小叶,nhb,1
斜角肌间隙,nhb,1
联络神经元,nhb,1
杓状会厌壁,nhb,1
坐骨小切迹,nhb,1
空回肠动脉,nhb,1
幽门括约肌,nhb,1
粘多糖蛋白,nhb,1
大脑前动脉,nhb,1
趾骨间关节,nhb,1
丘脑外侧核,nhb,1
胸肩峰动脉,nhb,1
咽鼓管软骨,nhb,1
双下肢动脉,nhb,1
推动脉分支,nhb,1
小指短屈肌,nhb,1
右冠状动脉,nhb,1
内分泌系统,nhb,1
射精管开口,nhb,1
面神经颊支,nhb,1
红核脊髓束,nhb,1
中间外侧核,nhb,1
平第四颈椎,nhb,1
垂体神经部,nhb,1
舌下神经核,nhb,1
结肠右肝曲,nhb,1
巩膜静脉窦,nhb,1
鼻中隔软骨,nhb,1
内弓状纤维,nhb,1
蛛网膜下腔,nhb,1
子宫圆韧带,nhb,1
膈结肠韧带,nhb,1
回结肠动脉,nhb,1
内脏小神经,nhb,1
股四头肌腱,nhb,1
腋窝淋巴结,nhb,1
外阴部皮肤,nhb,1
指骨间关节,nhb,1
输卵管峡部,nhb,1
听觉感受器,nhb,1
肋横突关节,nhb,1
双极神经元,nhb,1
会阴浅深隙,nhb,1
第一腰椎体,nhb,1
穿膀胱壁处,nhb,1
睑内侧韧带,nhb,1
支气管黏膜,nhb,1
齿突尖韧带,nhb,1
髂总动静脉,nhb,1
枕后淋巴结,nhb,1
龟头冠状沟,nhb,1
女性生殖器,nhb,1
视神经管口,nhb,1
粘膜下组织,nhb,1
骶结节韧带,nhb,1
睫状神经节,nhb,1
腓侧副韧带,nhb,1
关节腔之外,nhb,1
髂总淋巴结,nhb,1
翼腭神经节,nhb,1
气管软骨环,nhb,1
骶子宫韧带,nhb,1
大腿肌后群,nhb,1
海马旁回钩,nhb,1
大脑上静脉,nhb,1
延髓脑桥沟,nhb,1
颈上节发出,nhb,1
臂屈肌肌群,nhb,1
寰椎横韧带,nhb,1
生殖股神经,nhb,1
动眼神经核,nhb,1
椎体间连结,nhb,1
筛骨垂直板,nhb,1
女性生殖腺,nhb,1
小腿后肌群,nhb,1
小脑延髓池,nhb,1
肱骨内上踝,nhb,1
茎突舌骨肌,nhb,1
环状关节面,nhb,1
肩背部肌肉,nhb,1
胸廓内静脉,nhb,1
皮质红核束,nhb,1
听觉传导路,nhb,1
寰椎左侧块,nhb,1
三叉神经结,nhb,1
右主支气管,nhb,1
内脏大神经,nhb,1
胼胝体压部,nhb,1
中叶内侧段,nhb,1
臀上下动脉,nhb,1
手指间关节,nhb,1
肘关节屈曲,nhb,1
第五腰椎体,nhb,1
男性生殖器,nhb,1
输卵管卵巢,nhb,1
混合性神经,nhb,1
肩岬骨喙突,nhb,1
视神经乳头,nhb,1
脑实质深部,nhb,1
三角肌粗隆,nhb,1
侧脑室下角,nhb,1
舌下腺小管,nhb,1
骶髂前韧带,nhb,1
泌尿生殖系,nhb,1
大脑脚脚底,nhb,1
底面的沟回,nhb,1
会阴深横肌,nhb,1
骶髂后韧带,nhb,1
主动脉前庭,nhb,1
内分泌器官,nhb,1
尿道舟状窝,nhb,1
大脑下静脉,nhb,1
胸骨角平面,nhb,1
舌下神经管,nhb,1
臀中皮神经,nhb,1
属于随意肌,nhb,1
睾丸动静脉,nhb,1
子宫阔韧带,nhb,1
主动脉胸部,nhb,1
舌骨大小角,nhb,1
颈动脉结节,nhb,1
髂外动静脉,nhb,1
颅脑横断层,nhb,1
支气管动脉,nhb,1
膀胱上动脉,nhb,1
原发骨化点,nhb,1
副半奇静脉,nhb,1
支气管壁周,nhb,1
头面部皮肤,nhb,1
骨盆的组成,nhb,1
肝圆韧带裂,nhb,1
臀上皮神经,nhb,1
断层解剖学,nhb,1
阴茎海绵体,nhb,1
脊髓前动脉,nhb,1
输卵管漏斗,nhb,1
坐骨直肠窝,nhb,1
运动肩胛骨,nhb,1
第三腰椎体,nhb,1
会阴部皮肤,nhb,1
肩关节外展,nhb,1
骨盆倾斜度,nhb,1
距腓后韧带,nhb,1
脊髓丘脑束,nhb,1
屈肌支持带,nhb,1
骶外侧动脉,nhb,1
椎弓间连结,nhb,1
肝右动静脉,nhb,1
肩胛横韧带,nhb,1
甲状软骨板,nhb,1
顶枕颞桥束,nhb,1
自主神经系,nhb,1
脊神经前根,nhb,1
伸指间关节,nhb,1
肝冠状韧带,nhb,1
子宫输卵管,nhb,1
唇内侧粘膜,nhb,1
骨胶原纤维,nhb,1
大脑大静脉,nhb,1
颈内动静脉,nhb,1
胸骨甲状肌,nhb,1
植物性神经,nhb,1
胃结肠韧带,nhb,1
透明软骨结合,nhb,1
膝下内侧动脉,nhb,1
中枢神经系统,nhb,1
指掌侧总神经,nhb,1
耻骨弓状韧带,nhb,1
运动的灵活性,nhb,1
膀胱子宫陷凹,nhb,1
寰椎十字韧带,nhb,1
精囊腺排泄管,nhb,1
桡尺远侧关节,nhb,1
颈外动静脉脉,nhb,1
腹膜间位器官,nhb,1
女性生殖系统,nhb,1
十二指肠上部,nhb,1
脊髓丘脑前束,nhb,1
外周免疫器官,nhb,1
坐骨大小切迹,nhb,1
肺下叶支气管,nhb,1
次级骨化中心,nhb,1
股外侧皮神经,nhb,1
三叉神经压迹,nhb,1
脊髓小脑后束,nhb,1
髋关节正侧位,nhb,1
翼突内外侧板,nhb,1
腋窝下淋巴结,nhb,1
椎弓骨化中心,nhb,1
甲状腺上动脉,nhb,1
髌外侧支持带,nhb,1
膝下外侧动脉,nhb,1
甲状腺下动脉,nhb,1
桡侧腕短伸肌,nhb,1
髋关节的韧带,nhb,1
小脑下后动脉,nhb,1
躯体感觉中枢,nhb,1
椎弓上下切迹,nhb,1
舌下神经三角,nhb,1
肠系膜上动脉,nhb,1
睾丸鞘膜壁层,nhb,1
脊柱过度后伸,nhb,1
纤维软骨联合,nhb,1
锁骨上淋巴结,nhb,1
小支气管粘膜,nhb,1
胫骨髁间隆起,nhb,1
十二指肠升部,nhb,1
动眼神经副核,nhb,1
纤维结缔组织,nhb,1
尿道前列腺部,nhb,1
小支气管黏膜,nhb,1
肛门外括约肌,nhb,1
肘关节的韧带,nhb,1
视网膜中央凹,nhb,1
桡骨环状韧带,nhb,1
寰枢正中关节,nhb,1
股外侧浅静脉,nhb,1
输精管精索部,nhb,1
桡侧腕长伸肌,nhb,1
小脑上脚交叉,nhb,1
小儿的咽鼓管,nhb,1
尿道海绵体部,nhb,1
面神经核上半,nhb,1
躯体运动纤维,nhb,1
颈深筋膜中层,nhb,1
脑膜中动脉沟,nhb,1
胃网膜左动脉,nhb,1
椎前旁软组织,nhb,1
三叉神经定位,nhb,1
脊神经后根的,nhb,1
胃网膜右动脉,nhb,1
男性内生殖器,nhb,1
躯体运动中枢,nhb,1
子宫颈粘液腺,nhb,1
椎骨数目变异,nhb,1
咽鼓管鼓室口,nhb,1
保护腹腔脏器,nhb,1
肠系膜下动脉,nhb,1
肠系膜淋巴结,nhb,1
拇指腕掌关节,nhb,1
腹股沟淋巴管,nhb,1
锁骨下动静脉,nhb,1
全身肌肉关节,nhb,1
直肠上下动脉,nhb,1
腔静脉的属支,nhb,1
脊髓丘脑侧束,nhb,1
跟舟足底韧带,nhb,1
膝上内侧动脉,nhb,1
肱二头肌腱膜,nhb,1
股内侧浅静脉,nhb,1
肺动脉干根部,nhb,1
面神经核下半,nhb,1
髂腹股沟神经,nhb,1
输卵管子宫部,nhb,1
远节指骨粗隆,nhb,1
孤立淋巴滤泡,nhb,1
十二指肠纵襞,nhb,1
长段升主动脉,nhb,1
内脏感觉纤维,nhb,1
蝶枕软骨结合,nhb,1
膝上外侧动脉,nhb,1
促进精子成熟,nhb,1
集合淋巴滤泡,nhb,1
颈动脉管外口,nhb,1
卵巢固有韧带,nhb,1
环甲正中韧带,nhb,1
结核好发部位,nhb,1
十二指肠降部,nhb,1
腹横肌腱膜在,nhb,1
支气管纵隔干,nhb,1
前斜角肌结节,nhb,1
第二级神经元,nhb,1
肠系膜下静脉,nhb,1
腹外斜肌腱膜,nhb,1
迷走神经三角,nhb,1
自主神经系统,nhb,1
松果体上隐窝,nhb,1
肝门静脉右支,nhb,1
腹膜内位器官,nhb,1
腹股沟淋巴结,nhb,1
腹后内外侧核,nhb,1
正中神经返支,nhb,1
旋股外侧动脉,nhb,1
甲状舌骨韧带,nhb,1
腹直肌鞘前层,nhb,1
脊髓网状结构,nhb,1
皮质脊髓侧束,nhb,1
十二指肠压迹,nhb,1
乙状结肠系膜,nhb,1
睾丸间质细胞,nhb,1
桡尺近侧关节,nhb,1
中枢免疫器官,nhb,1
尺骨滑车切迹,nhb,1
枕颞内外侧回,nhb,1
第五跖骨粗隆,nhb,1
坐骨海绵体肌,nhb,1
男性生殖系统,nhb,1
盆膈上下筋膜,nhb,1
骨胶原纤维束,nhb,1
三叉神经脊束,nhb,1
滑膜襞的关节,nhb,1
脊髓小脑前束,nhb,1
腹股沟管浅环,nhb,1
内脏大小神经,nhb,1
前斜角肌前方,nhb,1
肺上叶支气管,nhb,1
射精管起始部,nhb,1
肝门静脉左支,nhb,1
岩枕软骨结合,nhb,1
浅屈肌尺侧半,nhb,1
小脑下前动脉,nhb,1
肝圆韧带切迹,nhb,1
骶髂骨间韧带,nhb,1
皮质脊髓前束,nhb,1
腓骨头前韧带,nhb,1
分泌女性激素,nhb,1
大脑外侧窝池,nhb,1
睾丸鞘膜脏层,nhb,1
四肢骨的关节,nhb,1
大腿内侧肿块,nhb,1
肩胛上横韧带,nhb,1
纤维脂肪组织,nhb,1
迷走神经背核,nhb,1
腹内斜肌腱膜,nhb,1
第一跖趾关节,nhb,1
乙状结肠动脉,nhb,1
肺中叶支气管,nhb,1
肠系膜上静脉,nhb,1
颈动脉管内口,nhb,1
第十二胸椎体,nhb,1
肋横突上韧带,nhb,1
锁骨的胸骨端,nhb,1
寰枢外侧关节,nhb,1
胸骨的锁切迹,nhb,1
大脑大静脉池,nhb,1
少突胶质细胞,nhb,1
淋巴循环系统,nhb,1
腹膜外位器官,nhb,1
假单极神经元,nhb,1
手指骨间关节,nhb,1
动脉导管三角,nhb,1
股中间皮神经,nhb,1
十二指肠上襞,nhb,1
第十一胸椎体,nhb,1
十二指肠下部,nhb,1
腹主动脉分支,nhb,1
蝶岩软骨结合,nhb,1
大脑中浅静脉,nhb,1
三叉神经运动核,nhb,1
手背静脉网尺侧,nhb,1
尿道膜部括约肌,nhb,1
三叉神经脑桥核,nhb,1
主动脉旁淋巴结,nhb,1
指浅屈肌桡侧半,nhb,1
运动神经元树突,nhb,1
主动脉后半月瓣,nhb,1
胸主动脉的凸侧,nhb,1
肺下叶后基地段,nhb,1
桡骨环状关节面,nhb,1
上叶前段支气管,nhb,1
丘脑腹后外侧核,nhb,1
肝门静脉右前支,nhb,1
三叉神经中脑束,nhb,1
脊神经节中枢突,nhb,1
第三脑室脉络丛,nhb,1
脊神经节周围突,nhb,1
腹股沟韧面深面,nhb,1
髋骨的固有韧带,nhb,1
腹股沟管皮下环,nhb,1
胃十二指肠动脉,nhb,1
咽喉部淋巴滤泡,nhb,1
腕关节面关节盘,nhb,1
臂内外侧皮神经,nhb,1
平对上颌第磨牙,nhb,1
肩胛上动脉神经,nhb,1
舌下神经管外口,nhb,1
肋横突外侧韧带,nhb,1
侧脑室脉络组织,nhb,1
喉上神经内外支,nhb,1
指掌侧固有神经,nhb,1
甲状腺上下动脉,nhb,1
舌下神经管内口,nhb,1
副交感节前纤维,nhb,1
三叉神经中脑核,nhb,1
导水管周围灰质,nhb,1
胸交感干神经节,nhb,1
第二腰椎体上缘,nhb,1
感觉性语言中枢,nhb,1
十二指肠水平部,nhb,1
锁骨下动静脉沟,nhb,1
肱二头肌长头腱,nhb,1
视网膜中央动脉,nhb,1
颈椎棘突间韧带,nhb,1
椎内静脉丛盆部,nhb,1
腹股沟浅淋巴结,nhb,1
足底内外侧神经,nhb,1
主动脉前淋巴结,nhb,1
拇对掌运动界线,nhb,1
手背静脉网挠侧,nhb,1
三叉神经脊束核,nhb,1
腹内斜肌腱膜前,nhb,1
颈内动脉的分支,nhb,1
肝十二指肠韧带,nhb,1
腓骨下端关节盘,nhb,1
腓肠内侧皮神经,nhb,1
大脑血管动静脉,nhb,1
精子的贮存器官,nhb,1
肛门内外括约肌,nhb,1
主动脉肾神经节,nhb,1
腓肠外侧皮神经,nhb,1
腱膜下疏松组织,nhb,1
副交感节后纤维,nhb,1
骶副交感神经核,nhb,1
肝门静脉右后支,nhb,1
肠系膜上下静脉,nhb,1
关节的辅助结构,nhb,1
伸肌上下支持带,nhb,1
运动性语言中枢,nhb,1
双轴性椭圆关节,nhb,1
穿膈肌食管裂孔处,nhb,1
脑干副交感神经核,nhb,1
生殖股神经生殖支,nhb,1
大脑中动脉的分支,nhb,1
尿生殖膈上下筋膜,nhb,1
腓骨肌上下支持带,nhb,1
腹内斜肌腱膜后层,nhb,1
大脑后动脉的分支,nhb,1
肠系膜上动脉供血,nhb,1
交感神经节前纤维,nhb,1
腹股沟韧带内侧半,nhb,1
大脑前动脉的分支,nhb,1
胰十二指肠上动脉,nhb,1
三叉神经感觉主核,nhb,1
食道胃底脾周静脉,nhb,1
尿生殖腿上下筋膜,nhb,1
矢状断层常用基线,nhb,1
男性正中矢状断层,nhb,1
连于肝门与胃之间,nhb,1
Douglas腔,nhb,1
主动脉弓的三大分支,nhb,1
背侧丘脑腹后外侧核,nhb,1
双侧肱二、三头肌腱,nhb,1
附于横结肠和胃大弯,nhb,1
大脑中动脉的皮质支,nhb,1
交感神经的节后纤维,nhb,1
交感神经的节前纤维,nhb,1
大脑中动脉的中央支,nhb,1
背侧丘脑腹后内侧核,nhb,1
双侧收缩使舌尖向前下,nhb,1
单侧收缩使舌尖向同侧,nhb,1
十二指肠降部后内侧壁,nhb,1
第6、8、9、10胸椎体,nhb,1
与髂血管交叉处小骨盆人口,nhb,1
左侧顶部,nhb,1
下后壁右室,nhb,1
心尖部,nhb,1
上腹部血管,nhb,1
甲状腺血管,nhb,1
腹主动脉血管,nhb,1
二尖瓣区心脏,nhb,1
甲状腺区血管,nhb,1
胸骨左缘第2肋骨,nhb,1
咽后壁,nhb,1
一侧附件,nhb,1
直肠前壁,nhb,1
扁桃体窝,nhb,1
阴道后穹隆,nhb,1
腘窝,nhb,1
患部,nhb,1
臂,nhb,1
经部,nhb,1
腹,nhb,1
椎旁,nhb,1
骨局部,nhb,1
耻骨,nhb,1
脊背部,nhb,1
颈枕部,nhb,1
月骨区,nhb,1
肋脊区,nhb,1
颈部肌肉,nhb,1
耻骨,nhb,1
左季肋部,nhb,1
输卵管,nhb,1
口底组织,nhb,1
腹股沟区,nhb,1
肩上部肌肉,nhb,1
肌腱附着点,nhb,1
颈枕部肌肉,nhb,1
头顶部肌肉,nhb,1
髌下脂肪垫,nhb,1
下颌下淋巴结,nhb,1
左侧叶,nhb,1
左侧体部,nhb,1
左侧尖部,nhb,1
左侧底部,nhb,1
右肾肾盂,nhb,1
右舌侧缘,nhb,1
口腔右舌侧缘粘膜,nhb,1
下颌粘膜,nhb,1
背部右肩甲下,nhb,1
小腿部,nhb,1
阴茎冠状沟,nhb,1
盆腔器官,nhb,1
腹盆腔,nhb,1
偏侧肢体,nhb,1
双下肢浅表静脉,nhb,1
侧腋下,nhb,1
包皮内板,nhb,1
上唇,nhb,1
下唇,nhb,1
三角颅,nhb,1
L1-4椎体,nhb,1
L1椎体,nhb,1
L4椎体,nhb,1
L1-L4椎体,nhb,1
