女,nhc,1
男性,nhc,1
女性,nhc,1
男人,nhc,1
女人,nhc,1
男孩,nhc,1
女孩,nhc,1
男童,nhc,1
女童,nhc,1
男的,nhc,1
女的,nhc,1
小男孩,nhc,1
中年,nhc,1
老年,nhc,1
青年,nhc,1
儿童,nhc,1
婴儿,nhc,1
婴幼儿,nhc,1
幼儿,nhc,1
少年,nhc,1
宝宝,nhc,1
小儿,nhc,1
中老年,nhc,1
青壮年,nhc,1
壮年,nhc,1
小孩,nhc,1
老男人,nhc,1
小娃娃,nhc,1
男生,nhc,1
女生,nhc,1
成年,nhc,1
成人,nhc,1
大人,nhc,1
成年人,nhc,1
老年人,nhc,1
男婴,nhc,1
女婴,nhc,1
男婴儿,nhc,1
女婴儿,nhc,1
幼童,nhc,1
女儿,nhc,1
哺乳期,nhc,1
新生儿期,nhc,1
孕妇,nhc,1
宝妈(未哺乳),nhc,1
青春期,nhc,1
备孕(男),nhc,1
未育(男),nhc,1
已育(男),nhc,1
备孕(女),nhc,1
未育(女),nhc,1
已育(女),nhc,1
婴儿期,nhc,1
幼儿期,nhc,1
