脂肪酶测定,nhe,1
胸腔镜,nhe,1
肿标,nhe,1
血肿标,nhe,1
术中探查,nhe,1
超声检查,nhe,1
真菌涂片检查,nhe,1
唾液管活组织检查,nhe,1
甘油三脂,nhe,1
大肠镜,nhe,1
抗中性粒细胞胞浆抗体测定,nhe,1
电子宫腔镜检,nhe,1
抗肝肾微粒体抗体LKM,nhe,1
糖类抗原,nhe,1
弱D抗原鉴定,nhe,1
纤维膀胱镜检,nhe,1
胸水超声检查,nhe,1
左右手正位,nhe,1
脊柱CT,nhe,1
PET-CT,nhe,1
PET,nhe,1
CT,nhe,1
活检,nhe,1
腹腔探查术,nhe,1
左足正斜位,nhe,1
右乳腺高频钼靶,nhe,1
葡萄糖耐量试验,nhe,1
甲状旁腺素测定,nhe,1
T淋巴细胞计数,nhe,1
主动脉弓超声检查,nhe,1
尿本-周氏蛋白定性检查,nhe,1
十二指肠引流液检验,nhe,1
同位素扫描,nhe,1
骶椎正位,nhe,1
眼肌检,nhe,1
纤维食道镜检查,nhe,1
右手指正侧位,nhe,1
MR排便功能平扫,nhe,1
右胸锁关节正位,nhe,1
ANA全套,nhe,1
骨髓检测,nhe,1
电子阴道镜检查,nhe,1
抗中性粒细胞胞浆抗体ANCA,nhe,1
肾脏平扫弥散,nhe,1
纤维鼻咽喉镜检,nhe,1
药敏,nhe,1
上腔静脉CTA,nhe,1
颈部软组织MR平扫弥散,nhe,1
乙肝五项,nhe,1
骨髓活检病理诊断,nhe,1
脑脊液常规检CSF,nhe,1
右足正侧位,nhe,1
小肠刷洗活组织检查,nhe,1
便细菌培养,nhe,1
分泌物检,nhe,1
血清CA-125测定,nhe,1
喉X线检查,nhe,1
盆腔平扫,nhe,1
肝功能心脏标志物,nhe,1
MR头颅平扫,nhe,1
血同型半胱氨酸测定,nhe,1
血流变,nhe,1
右手正斜位,nhe,1
染色体检查,nhe,1
肺部CT,nhe,1
前列腺常规检查,nhe,1
输卵管X线检查,nhe,1
CT足平扫,nhe,1
MR胸腺平扫,nhe,1
眼血流图检,nhe,1
肝炎系列,nhe,1
肠镜检涂片肿瘤细胞,nhe,1
临床化学检查,nhe,1
X片,nhe,1
肌腱标本显微镜检查,nhe,1
肿瘤系列3,nhe,1
凝血五项,nhe,1
阴道镜检,nhe,1
颈部动脉CTA,nhe,1
糖尿病自身抗体谱,nhe,1
体液细胞学,nhe,1
MR颈部软组织平扫弥散,nhe,1
细菌性阴道病测定,nhe,1
经皮乳房针吸活组织检查,nhe,1
穿刺细胞学病理诊断,nhe,1
升主动脉CTA,nhe,1
离子6项,nhe,1
血常规—1,nhe,1
血液培养仪器法,nhe,1
关节活组织检查,nhe,1
腹水生化,nhe,1
肝肾功能,nhe,1
纵隔平扫,nhe,1
胸水生化六项,nhe,1
精液显微镜检查,nhe,1
副鼻窦MR平扫,nhe,1
电子十二指肠镜检查,nhe,1
右跟骨轴侧位,nhe,1
核素功能检,nhe,1
肺癌系列,nhe,1
组化电镜诊断,nhe,1
右侧肩关节平扫,nhe,1
附睾活组织检查,nhe,1
高低密度脂蛋白胆固醇-1,nhe,1
右足正位,nhe,1
血真菌培养,nhe,1
肌红蛋白测定,nhe,1
胃镜病理,nhe,1
经直肠彩色多普勒超声检,nhe,1
双肾动静脉MRA,nhe,1
尿淀粉酶测定,nhe,1
心电图检,nhe,1
DNA序列测定,nhe,1
左胫腓骨侧位,nhe,1
乳酸检,nhe,1
白带检,nhe,1
滑膜标本显微镜检查,nhe,1
左跟骨轴位,nhe,1
血清CA72-4测定,nhe,1
MR内听道平扫,nhe,1
交感神经活组织检查,nhe,1
肥达氏外斐氏,nhe,1
肾上腺针吸闭合性活组织检查,nhe,1
肝功能心肌酶学四项,nhe,1
右肱骨正位,nhe,1
肝肾功能检,nhe,1
经人工口气管镜检查,nhe,1
腹腔镜检查,nhe,1
肾功能常规检,nhe,1
内分泌腺标本显微镜检查,nhe,1
MRI,nhe,1
双侧髋关节MR平扫,nhe,1
肝功能两项,nhe,1
一侧肢体静脉,nhe,1
CT膀胱平扫,nhe,1
CT上颌骨平扫,nhe,1
精液常规检查,nhe,1
心电,nhe,1
氧饱和度监护,nhe,1
MR乳腺平扫,nhe,1
阴囊活组织检查,nhe,1
乳腺活组织检查,nhe,1
临床寄生虫学检查,nhe,1
其它类型标本,nhe,1
周围血管超声检查,nhe,1
异常白细胞形态检查,nhe,1
嗜酸性细胞直接计数,nhe,1
左手掌正斜位,nhe,1
右肋骨正斜位,nhe,1
肌钙蛋白检测,nhe,1
肝脏平扫,nhe,1
右侧上臂平扫,nhe,1
电子胃镜检查,nhe,1
血清总胆红素测定,nhe,1
分子病理学诊断,nhe,1
志贺菌培养及鉴定,nhe,1
尿寄生虫,nhe,1
肾上腺平扫,nhe,1
组织病理学检查,nhe,1
透析专用肝炎六项,nhe,1
肿标常规,nhe,1
小瞳孔眼底检,nhe,1
胸部平扫,nhe,1
双肾动静脉CTA,nhe,1
TP检,nhe,1
肝胆平扫弥散,nhe,1
经阴道彩色多普勒超声检查,nhe,1
特殊细菌涂片检,nhe,1
胆碱脂酶测定,nhe,1
左右手骨龄正位,nhe,1
临床免疫学检,nhe,1
肝胆脾胰超声检查,nhe,1
肺穿病理,nhe,1
钾钠氯,nhe,1
睾丸鞘膜活组织检查,nhe,1
膀胱镜输尿管支架取出,nhe,1
经阴道彩色多普勒超声检,nhe,1
甲型H1N1流感核酸检测,nhe,1
十二指肠镜,nhe,1
总IgE测定,nhe,1
胸部血管增强,nhe,1
左手正位,nhe,1
经皮周围神经闭合性活组织检查,nhe,1
盆腔检查,nhe,1
脑电图,nhe,1
ECG,nhe,1
Rh型C抗原鉴定,nhe,1
抗核抗体谱,nhe,1
免疫系统检查,nhe,1
血红蛋白测定,nhe,1
腹膜B超,nhe,1
复心肌酶谱,nhe,1
悬雍垂活组织检查,nhe,1
CT胃平扫,nhe,1
踝关节平扫,nhe,1
淋巴结标本显微镜检查,nhe,1
CT上腹部平扫,nhe,1
涂片霉菌,nhe,1
CT胸骨平扫,nhe,1
CD55,nhe,1
CD59,nhe,1
残余尿量测定,nhe,1
颅神经节闭合性活组织检查,nhe,1
电子腹腔镜检,nhe,1
精囊X线检查,nhe,1
电子气管镜检,nhe,1
胸片检查,nhe,1
CT头颅灌注成像,nhe,1
血显微镜检查,nhe,1
血清CA19-9测定,nhe,1
腹腔羊膜镜检查,nhe,1
动态血压,nhe,1
核医学检片费,nhe,1
CT胸锁关节平扫,nhe,1
胸部超声检查,nhe,1
CT下腹部平扫,nhe,1
呼吸道病毒抗体测定,nhe,1
MR脊柱胸腰段平扫,nhe,1
臂丛神经MR平扫,nhe,1
直达喉镜检,nhe,1
核磁检,nhe,1
心功能检,nhe,1
腺样增殖体X线检查,nhe,1
血气检,nhe,1
肱骨上段,nhe,1
胸锁关节MR平扫,nhe,1
大肠内窥镜检查,nhe,1
韧带标本显微镜检查,nhe,1
支气管镜检查,nhe,1
肿瘤指标,nhe,1
全身CT检查,nhe,1
自动视野检查,nhe,1
人乳头瘤病毒,nhe,1
甲状腺抽吸活组织检查,nhe,1
经直肠彩色多普勒超声检查,nhe,1
膀胱标本显微镜检查,nhe,1
肾活组织检查,nhe,1
骨盆正位,nhe,1
便常规和隐血,nhe,1
CT前列腺平扫,nhe,1
骨骼ECT检,nhe,1
总铁结合力测定,nhe,1
引流液细菌培养,nhe,1
MR脊柱颈胸段平扫,nhe,1
CT眼眶平扫,nhe,1
CT脾脏平扫,nhe,1
颈椎张口正侧位,nhe,1
普通细菌培养,nhe,1
普通肠镜,nhe,1
乙型肝炎e抗原测定,nhe,1
MR头颅皮层运动功能定位,nhe,1
钙磷镁,nhe,1
EB病毒抗体五项,nhe,1
内耳活组织检查,nhe,1
铁测定,nhe,1
CT肩关节平扫,nhe,1
LDH检查,nhe,1
全口内牙齿X线检查,nhe,1
腹部超声检查,nhe,1
经皮胆囊活组织检查,nhe,1
抗酸杆菌染色,nhe,1
双肾及肾血管,nhe,1
腺苷脱氨酶测定,nhe,1
睾丸活组织检查,nhe,1
小瞳孔眼底检查,nhe,1
钾钠氯-CO2CP测定,nhe,1
胸部右侧位,nhe,1
腹主动脉CTA,nhe,1
粘液囊标本显微镜检查,nhe,1
喉部MR平扫,nhe,1
神经系统标本显微镜检查,nhe,1
同位素检查,nhe,1
红细胞比积,nhe,1
间接检眼镜检查,nhe,1
血象,nhe,1
临床微生物学检,nhe,1
心肌酶谱常规检查,nhe,1
髂静脉CTA,nhe,1
门静脉系,nhe,1
其他血管彩色多普勒超声检查,nhe,1
视功能检,nhe,1
糖化血红蛋白—1,nhe,1
心包积液定位超声检查,nhe,1
鼻窦平扫,nhe,1
鼻窦CT平扫,nhe,1
甲功五项,nhe,1
骨髓细胞组化染色,nhe,1
体被标本显微镜检查,nhe,1
子宫颈内膜活组织检查,nhe,1
血化验检查,nhe,1
解脲支原体荧光定量PCR,nhe,1
三大常规,nhe,1
CT胫腓骨上段,nhe,1
CT乳突,nhe,1
肾功能八项,nhe,1
头颅正位,nhe,1
角膜活组织检查,nhe,1
腹膜后超声检查,nhe,1
子宫颈活组织检查,nhe,1
测心电图,nhe,1
心超,nhe,1
针吸周围神经节闭合性活组织检查,nhe,1
CT胆道平扫,nhe,1
CT肺部平扫,nhe,1
支气管动脉CTA,nhe,1
外斐氏反应,nhe,1
特殊细菌,nhe,1
咽鼓管窥镜检,nhe,1
胎儿活组织检查,nhe,1
右手正位,nhe,1
上肢骨骼X线检查,nhe,1
上腹部平扫,nhe,1
纵隔镜检查,nhe,1
免疫球蛋白,nhe,1
心电监护,nhe,1
CT全腹平扫,nhe,1
裂隙灯检,nhe,1
阴道活组织检查,nhe,1
同视机检,nhe,1
乙肝三系定量检查,nhe,1
基因病理诊断,nhe,1
腹水超声检,nhe,1
子宫妊娠超声检查,nhe,1
眼的磷32示踪剂检查,nhe,1
乳腺粗针穿刺活检查,nhe,1
电子阴道镜检,nhe,1
乙型肝炎病毒核糖核酸定量,nhe,1
阴茎活组织检查,nhe,1
肝超声造影检查,nhe,1
右胫腓骨正位,nhe,1
肾造影检查,nhe,1
乙状结肠镜检查,nhe,1
肝脏CTA,nhe,1
膀胱周围组织标本显微镜检查,nhe,1
透析专用钙磷铁,nhe,1
心包积液定位,nhe,1
腹膜后标本显微镜检查,nhe,1
血清肌酸激酶－MB同工酶活性测定,nhe,1
肾功—1,nhe,1
咽鼓管窥镜检查,nhe,1
透射电镜,nhe,1
Rh型E抗原鉴定,nhe,1
支气管X线检查,nhe,1
心电向量图,nhe,1
CT颈部平扫,nhe,1
鼻咽平扫,nhe,1
CT肾脏平扫,nhe,1
分泌物细菌培养,nhe,1
肠镜检,nhe,1
CT膝关节下段平扫,nhe,1
MR口咽平扫,nhe,1
女性生殖器官X线检查,nhe,1
EBV抗原检查,nhe,1
病理,nhe,1
送检,nhe,1
乙肝两项,nhe,1
测脑压,nhe,1
淋巴结标本,nhe,1
胸部正侧位,nhe,1
髋关节平扫,nhe,1
周围神经节切开活组织检查,nhe,1
食道镜检,nhe,1
腹透液常规,nhe,1
关节液显微镜检查,nhe,1
急诊生化14项,nhe,1
气管镜病理检,nhe,1
脾造影检,nhe,1
头臂干动脉CTA,nhe,1
伽玛照相,nhe,1
双上肢浅静脉常规穿刺,nhe,1
喉活组织检查,nhe,1
左腕关节正侧位,nhe,1
支撑喉镜检,nhe,1
粪便检查,nhe,1
细菌涂片检,nhe,1
CT股骨颈平扫,nhe,1
CSF生化,nhe,1
胸水超声检,nhe,1
口腔全景片,nhe,1
癌胚抗原测定,nhe,1
脑脊液常规,nhe,1
鼻内镜检,nhe,1
多功能纤维鼻咽镜检,nhe,1
肺标本显微镜检查,nhe,1
CT胫腓骨下段,nhe,1
腹水生化六项,nhe,1
颅神经闭合性活组织检查,nhe,1
输尿管标本显微镜检查,nhe,1
抗HIV,nhe,1
测身高,nhe,1
腹膜标本显微镜检查,nhe,1
上颌骨X线检查,nhe,1
优生优育五项,nhe,1
颅活组织检查,nhe,1
天冬氨酸转移酶,nhe,1
血化验检,nhe,1
感染科护理常规,nhe,1
测体温,nhe,1
CT胸椎椎体平扫,nhe,1
腹透液细菌培养,nhe,1
鼻咽喉镜检,nhe,1
染色体检,nhe,1
尿酸-1,nhe,1
糖化血红蛋白检测,nhe,1
特殊细菌涂片检查,nhe,1
MR纵膈平扫,nhe,1
精索活组织检查,nhe,1
右侧肘关节平扫,nhe,1
右尺桡骨正侧位,nhe,1
KUBX线检查,nhe,1
氧饱和度监测,nhe,1
胰腺平扫弥散,nhe,1
粪便常规,nhe,1
三维超声检查,nhe,1
肝脏MRA,nhe,1
肝脏MRI,nhe,1
左侧踝关节平扫,nhe,1
超声胃镜,nhe,1
消化道X线检查,nhe,1
腹部CT平扫,nhe,1
尿本周氏蛋白定性检,nhe,1
椎基底动脉CTA,nhe,1
CT腰椎,nhe,1
颈椎正位,nhe,1
自动视野检,nhe,1
一般细菌涂片检查,nhe,1
咽部活组织检查,nhe,1
CT肺部HR平扫,nhe,1
淋巴显微镜检查,nhe,1
JAK2检查,nhe,1
免疫球蛋白定量测定,nhe,1
肺超声检查,nhe,1
经人工造口胃镜检查,nhe,1
逆行胰管内窥镜检查,nhe,1
上消化道标本显微镜检查,nhe,1
MR眼眶平扫,nhe,1
头颅CT平扫,nhe,1
CT胸椎下段椎体平扫,nhe,1
量体重,nhe,1
肠系膜活组织检查,nhe,1
眼睑活组织检查,nhe,1
血清CA15-3测定,nhe,1
肌肉标本显微镜检查,nhe,1
不规则抗体筛,nhe,1
胃镜检查,nhe,1
ABO血型鉴定,nhe,1
肝标本显微镜检查,nhe,1
肾脏平扫,nhe,1
抗线粒体抗体测定,nhe,1
检测血糖,nhe,1
隐血,nhe,1
动态喉镜检查,nhe,1
踝关节活组织检查,nhe,1
胸骨X线检查,nhe,1
临床检验,nhe,1
TP检查,nhe,1
核磁检查,nhe,1
中耳活组织检查,nhe,1
左锁骨正位,nhe,1
胸椎下段椎体平扫,nhe,1
乳突平扫,nhe,1
小肠造影,nhe,1
右侧踝关节平扫,nhe,1
主动脉弓CTA,nhe,1
CT牙科平扫,nhe,1
CT肝脏平扫,nhe,1
肾上腺开放性活组织检查,nhe,1
动态视野检查,nhe,1
电子十二指肠镜检,nhe,1
双乳高频钼靶,nhe,1
神经元特异性烯醇化酶测定,nhe,1
肺功能检查,nhe,1
超声肠镜检查,nhe,1
胸壁活组织检查,nhe,1
核素扫描,nhe,1
副鼻窦平扫,nhe,1
骨型碱性磷酸酶质量测定,nhe,1
外阴活组织检查,nhe,1
同视机检查,nhe,1
经腹大肠内窥镜检查,nhe,1
免疫电镜,nhe,1
纤维全结肠镜检查,nhe,1
新-肝功能心肌酶学,nhe,1
CT鼻骨平扫,nhe,1
活体组织病理诊断,nhe,1
脾造影检查,nhe,1
抗线粒体抗体AMA,nhe,1
MR颊部平扫,nhe,1
右膝关节正位,nhe,1
ICU腹部床边摄片,nhe,1
乙型肝炎表面抗原测定,nhe,1
阑尾及阑尾周围,nhe,1
腹部肿瘤标志,nhe,1
甲状腺经皮闭合性活组织检查,nhe,1
细菌培养结果,nhe,1
肝胆胰脾B超,nhe,1
甲型肝炎抗体测定,nhe,1
CT尺桡骨下段,nhe,1
左胫腓骨正位,nhe,1
交感神经节活组织检查,nhe,1
异常白细胞形态检,nhe,1
其他血管彩色多普勒超声检,nhe,1
MR臂丛神经平扫,nhe,1
免疫九项,nhe,1
胃平扫弥散,nhe,1
头颅正右侧位,nhe,1
左侧膝关节平扫,nhe,1
一侧肢体动脉,nhe,1
MR,nhe,1
CT胸部平扫,nhe,1
甲状腺细针穿刺活检查,nhe,1
右腕关节正侧位,nhe,1
纤维宫腔镜检,nhe,1
一般细菌培养,nhe,1
内镜检查,nhe,1
血清肌钙蛋白T测定,nhe,1
腹部CT,nhe,1
下消化道标本显微镜检查,nhe,1
衣原体检,nhe,1
变应原测定,nhe,1
经食管超声心动图,nhe,1
颅X线检查,nhe,1
立体定向方法脑闭合性活组织检查,nhe,1
药敏定性试验,nhe,1
肾标本显微镜检查,nhe,1
肾功能四项,nhe,1
纤维耳镜检,nhe,1
颈部软组织平扫,nhe,1
尿素测定,nhe,1
双下肢血管增强,nhe,1
新-肝功能,nhe,1
甲状腺细针穿刺活检,nhe,1
膀胱镜检,nhe,1
喉动态镜检,nhe,1
两对半—1,nhe,1
脑电图检,nhe,1
普通病理检查,nhe,1
MR颅底平扫,nhe,1
脊柱全长正侧位,nhe,1
CT检,nhe,1
CT颅底薄层平扫,nhe,1
CT睾丸平扫,nhe,1
血型测定,nhe,1
新-肌钙蛋白测定,nhe,1
尿畸形红细胞检,nhe,1
盆腔肿物造影检查,nhe,1
鼻咽部平扫,nhe,1
大便常规,nhe,1
淋球菌涂片,nhe,1
急性血常规血型,nhe,1
隐球菌检,nhe,1
腹部脏器声学造影,nhe,1
血清Α-L-岩藻糖苷酶测定,nhe,1
唾液腺X线检查,nhe,1
输尿管周围组织标本显微镜检查,nhe,1
针吸颅神经闭合性活组织检查,nhe,1
平片,nhe,1
椎动脉CTA,nhe,1
右腕关节正位,nhe,1
粪便显微镜检查,nhe,1
血清超敏C反应蛋白,nhe,1
经腹小肠内窥镜检查,nhe,1
听力测试,nhe,1
残余听力测试,nhe,1
开放性支气管活组织检查,nhe,1
腹部床边摄片,nhe,1
胸椎椎体平扫,nhe,1
阴囊彩超,nhe,1
尿流动力学检查,nhe,1
CT跟骨平扫,nhe,1
肝脏CT增强检查,nhe,1
红细胞沉淀率,nhe,1
骨盆平片,nhe,1
Rh血型反定型,nhe,1
肾上腺闭合性活组织检查,nhe,1
尸检病理诊断,nhe,1
脾标本显微镜检查,nhe,1
骨髓检查,nhe,1
生化全项,nhe,1
脑电图检查,nhe,1
MR鼻咽平扫,nhe,1
胸部正右侧位,nhe,1
左肩胛骨正位,nhe,1
附睾X线检查,nhe,1
左股骨正位,nhe,1
超声检,nhe,1
上肢或下肢软组织,nhe,1
细菌计数,nhe,1
鼻窦X线检查,nhe,1
泌尿系统X线检查,nhe,1
胆囊针吸活组织检查,nhe,1
精囊针吸活组织检查,nhe,1
泪腺活组织检查,nhe,1
阴道分泌物BV,nhe,1
鼻泪管软组织X线检查,nhe,1
开放性活组织检查,nhe,1
股骨颈平扫,nhe,1
右肩关节三位片,nhe,1
支撑喉镜检查,nhe,1
胸部CT平扫,nhe,1
结膜活组织检查,nhe,1
颧上颌复体X线检查,nhe,1
乳房手法检查,nhe,1
粪常规,nhe,1
痰液常规检,nhe,1
精囊活组织检查,nhe,1
心电血氧饱和度监测,nhe,1
体液免疫五项,nhe,1
根管X线检查,nhe,1
CT肾上腺平扫,nhe,1
肾功能常规检查,nhe,1
一般细菌涂片检,nhe,1
右踝关节侧位,nhe,1
毛发标本显微镜检查,nhe,1
CT骶髂关节平扫,nhe,1
头颅MRI平扫,nhe,1
左足正侧位,nhe,1
右肩锁关节正位,nhe,1
血清肌酸激酶测定,nhe,1
DC干细胞细菌培养,nhe,1
左侧足平扫,nhe,1
乙肝六项,nhe,1
颈部CT平扫,nhe,1
降钙素原测定,nhe,1
甲功七项,nhe,1
鼻咽部X线检查,nhe,1
甲状腺功能五项,nhe,1
间接检眼镜检,nhe,1
CT头颅平扫,nhe,1
左股骨正侧位,nhe,1
常规肺容量检,nhe,1
肝胆脾胰超声检,nhe,1
红斑狼疮细胞检查,nhe,1
肠活组织检查,nhe,1
肝区正位,nhe,1
膀胱活组织检查,nhe,1
电镜病理诊断,nhe,1
EBV抗原检,nhe,1
右锁骨正位,nhe,1
乙型肝炎e抗体测定,nhe,1
普通病理检,nhe,1
胆道镜检,nhe,1
下颌联合X线检查,nhe,1
纤维蛋白原定量,nhe,1
优生优育十项,nhe,1
支气管标本显微镜检查,nhe,1
MR小腿平扫,nhe,1
胃镜检,nhe,1
CT尺桡骨上段,nhe,1
宫颈活检查,nhe,1
新-葡萄糖,nhe,1
CT鼻咽部平扫,nhe,1
纤维胃镜检查,nhe,1
血气分析加离子,nhe,1
MR垂体平扫,nhe,1
经皮输尿管活组织检查,nhe,1
眼肌活组织检查,nhe,1
临床微生物学检查,nhe,1
心脏标志物,nhe,1
全腹部CT,nhe,1
血管活组织检查,nhe,1
DR,nhe,1
红斑狼疮细胞检,nhe,1
腰椎动力位,nhe,1
肾造影检,nhe,1
纵隔MR平扫,nhe,1
BCR/ABL融合基因检,nhe,1
颈部软组织平扫弥散,nhe,1
超声心动图,nhe,1
组织病理学检,nhe,1
鼻功能检查,nhe,1
骨髓活组织检查,nhe,1
气管镜检,nhe,1
腰椎正侧位,nhe,1
尿道活组织检查,nhe,1
大肠活组织检查,nhe,1
腹部B超,nhe,1
全骨骼X线检查,nhe,1
CT平扫,nhe,1
胸椎正侧左右斜位,nhe,1
胰腺平扫,nhe,1
食管肿瘤标志,nhe,1
胆管活组织检查,nhe,1
右侧足平扫,nhe,1
MR颈部软组织平扫,nhe,1
宫颈活检,nhe,1
X线检,nhe,1
右心声学造影,nhe,1
经皮颅神经闭合性活组织检查,nhe,1
鼻咽部活检查,nhe,1
肿标全套,nhe,1
肾功能检查,nhe,1
胆汁细菌培养,nhe,1
MR头颅胶质瘤平扫,nhe,1
双侧骶髂关节正位,nhe,1
β2微球蛋白测定,nhe,1
双髋关节正位,nhe,1
胸椎平扫,nhe,1
血脂7项,nhe,1
骨盆平扫,nhe,1
肾脏MR平扫弥散,nhe,1
血清C-肽测定,nhe,1
抗生素皮试,nhe,1
LDH评估,nhe,1
床旁超声心动图,nhe,1
左肘关节正侧位,nhe,1
气管活组织检查,nhe,1
肋骨X线检查,nhe,1
右肋骨正位,nhe,1
颈椎侧位,nhe,1
游离前列腺特异性抗原,nhe,1
前列腺癌特异抗原—1,nhe,1
MR颈部血管,nhe,1
周围神经节闭合性活组织检查,nhe,1
肠镜,nhe,1
全身CT评估,nhe,1
13C-尿素呼气试验检幽门螺杆菌,nhe,1
头颅MRI,nhe,1
副鼻窦透光检查,nhe,1
眼肌检查,nhe,1
鼻骨CT平扫,nhe,1
右肩关节正位,nhe,1
鳞状上皮细胞癌相关抗原,nhe,1
CT颈椎椎间盘平扫,nhe,1
CT肱骨上段,nhe,1
钾钠氯钙镁磷测定,nhe,1
鼻X线检查,nhe,1
MR喉部平扫,nhe,1
临床化学检,nhe,1
CT甲状腺平扫,nhe,1
胸片检,nhe,1
肛门镜检查,nhe,1
体检1,nhe,1
体检3,nhe,1
肾周标本显微镜检查,nhe,1
眶上区X线检查,nhe,1
潜血试验,nhe,1
硬腭活组织检查,nhe,1
CT鼻窦平扫,nhe,1
前列腺周围活组织检查,nhe,1
细菌培养,nhe,1
动脉血压监测,nhe,1
输精管活组织检查,nhe,1
口腔粘膜检查,nhe,1
肛周皮肤活检,nhe,1
鼻活组织检查,nhe,1
右肘关节正位,nhe,1
药敏试验仪器法,nhe,1
CT肋骨平扫,nhe,1
血清总铁结合力测定,nhe,1
透析专用铁蛋白,nhe,1
脾活组织检查,nhe,1
CT纵隔平扫,nhe,1
心肌酶学,nhe,1
肱骨下段,nhe,1
眼的超声检查,nhe,1
盆腔肿物造影检,nhe,1
胸部正左侧位,nhe,1
X线,nhe,1
MRU,nhe,1
左侧腕关节平扫,nhe,1
不规则抗体检测,nhe,1
左手指正位,nhe,1
胫腓骨下段,nhe,1
肺部平扫,nhe,1
肺功能检,nhe,1
肘关节平扫,nhe,1
抗心肌抗体AHA,nhe,1
尿道镜,nhe,1
门静脉MRA,nhe,1
膀胱镜检查,nhe,1
临床血液学检查,nhe,1
免疫球蛋白三项,nhe,1
左侧肩关节平扫,nhe,1
左髋关节正位,nhe,1
补体二项,nhe,1
口咽平扫,nhe,1
胃平扫,nhe,1
保肝降酶退黄治疗,nhe,1
心肌酶谱5项,nhe,1
肠系膜下动脉CTA,nhe,1
肾周围活组织检查,nhe,1
血脂4项,nhe,1
全身骨显像,nhe,1
周围神经闭合性活组织检查,nhe,1
BCR/ABL融合基因检查,nhe,1
心电图检查,nhe,1
粪便检,nhe,1
纵隔CT平扫,nhe,1
结膜刮片检,nhe,1
ABO及抗大D血型鉴定,nhe,1
常规肺容量检查,nhe,1
肿瘤标志物检,nhe,1
真菌药敏,nhe,1
内窥镜检,nhe,1
颈椎动力位,nhe,1
游离前列腺特异性抗原测定,nhe,1
脑膜活组织检查,nhe,1
右股骨侧位,nhe,1
胃血管CTA,nhe,1
左尺桡骨正侧位,nhe,1
骨髓检,nhe,1
妇科检查,nhe,1
右趾骨正斜位,nhe,1
腹部立位侧位,nhe,1
术前四项,nhe,1
心电血压监护,nhe,1
三面镜检查,nhe,1
JAK2检,nhe,1
指甲标本显微镜检查,nhe,1
下颌骨Panorex检查,nhe,1
喉部平扫弥散,nhe,1
神经科检查,nhe,1
支气管光学纤维镜检查,nhe,1
脑活组织检查,nhe,1
悬雍垂X线检查,nhe,1
牙槽活组织检查,nhe,1
戊型肝炎抗体测定,nhe,1
肾活检查,nhe,1
肩关节活组织检查,nhe,1
腹水检查,nhe,1
左尺桡骨正位,nhe,1
腹膜后X线检查,nhe,1
电耳镜检,nhe,1
常规HBVAg检查,nhe,1
颈胸腹盆CT检查,nhe,1
细菌涂片检查,nhe,1
骨髓标本,nhe,1
眼血流图检查,nhe,1
牙周检查,nhe,1
阴道分泌物检查,nhe,1
肝炎八项,nhe,1
皮下组织活组织检查,nhe,1
颅神经节切开活组织检查,nhe,1
妊娠子宫X线检查,nhe,1
液晶乳腺检查,nhe,1
左侧前臂平扫,nhe,1
普通胃镜检查,nhe,1
肾功三项,nhe,1
喉部平扫,nhe,1
常规药敏定性试验,nhe,1
下腹部平扫弥散,nhe,1
消化系统超声检查,nhe,1
肝肾功,nhe,1
阴道分泌物检BV,nhe,1
纤维胃镜检,nhe,1
纤维膀胱镜检查,nhe,1
电子胃镜检,nhe,1
X线检查,nhe,1
心脏三位片,nhe,1
头颅右侧位,nhe,1
骨髓常规,nhe,1
骨髓涂片细胞学检验,nhe,1
血糖3项,nhe,1
尿细菌培养,nhe,1
临床免疫学检查,nhe,1
尿红细胞畸形率分析,nhe,1
PSA检,nhe,1
口腔活组织检查,nhe,1
痰细菌培养,nhe,1
经腹胃镜检查,nhe,1
全血细胞分析五分类,nhe,1
CT膝关节平扫,nhe,1
甲状腺闭合性活组织检查,nhe,1
胆道标本显微镜检查,nhe,1
肾功能检,nhe,1
新-钙磷镁,nhe,1
胰腺标本显微镜检查,nhe,1
盆腔MR平扫,nhe,1
胸骨侧位,nhe,1
MR副鼻窦平扫,nhe,1
臂丛神经平扫,nhe,1
胸骨CT平扫,nhe,1
前列腺常规检,nhe,1
膝关节平扫,nhe,1
便常规,nhe,1
性激素六项,nhe,1
骶尾椎正位,nhe,1
多普勒检,nhe,1
脑脊液检,nhe,1
梅毒血清特异性抗体测定,nhe,1
支原体培养及药敏,nhe,1
青光眼检查,nhe,1
X光胸片,nhe,1
尿道膀胱镜检,nhe,1
胸膜标本显微镜检查,nhe,1
肝肾脂糖电解质,nhe,1
经皮乳房活组织检查,nhe,1
左趾骨正斜位,nhe,1
胸膜活组织检查,nhe,1
乳腺造影检查,nhe,1
全乳酸测定,nhe,1
梅毒两项,nhe,1
直肠周围组织活组织检查,nhe,1
血清α羟基丁酸脱氢酶测定,nhe,1
双下肢全长正位,nhe,1
肠镜检查,nhe,1
胸主动脉CTA,nhe,1
血清直接胆红素测定,nhe,1
涂片细菌,nhe,1
清洁度,nhe,1
双侧肢体动脉,nhe,1
上中腹部CT平扫,nhe,1
经皮血管镜检查,nhe,1
右肩胛骨正位,nhe,1
上中腹部平扫,nhe,1
补体检查,nhe,1
药敏试验,nhe,1
左侧上臂平扫,nhe,1
男性生殖器官X线检查,nhe,1
乳糜试验,nhe,1
股骨下段,nhe,1
产前三项筛,nhe,1
阴道五联检查,nhe,1
超声心动,nhe,1
髂血管,nhe,1
粪寄生虫镜检查,nhe,1
超声,nhe,1
乳腺癌易感基因BRCA1检测,nhe,1
常规5项—1,nhe,1
CT股骨上段,nhe,1
细胞角蛋白19,nhe,1
胃液常规,nhe,1
肺X线检查,nhe,1
纵膈活组织检查,nhe,1
经人造口大肠内窥镜检查,nhe,1
子宫韧带活组织检查,nhe,1
血同型半胱氨酸,nhe,1
CT胰腺平扫,nhe,1
输尿管活组织检查,nhe,1
结膜刮片检查,nhe,1
X光片检,nhe,1
单光子发射计算机断层显像,nhe,1
普通胃镜检,nhe,1
血糖2项,nhe,1
尿酸测定,nhe,1
松果体活组织检查,nhe,1
乳酸脱氢酶测定,nhe,1
凝血酶原时间及活动度,nhe,1
各种穿刺液常规检,nhe,1
胎儿标本显微镜检查,nhe,1
糖化血红蛋白测定,nhe,1
心肌酶,nhe,1
CT腕关节平扫,nhe,1
透析专用血脂二项,nhe,1
天冬氨酸氨基转移酶,nhe,1
常规穿刺,nhe,1
结核菌涂片检查,nhe,1
电子胃镜,nhe,1
颞颌关节张闭口位,nhe,1
甲胎蛋白异质体测定,nhe,1
血离子,nhe,1
血清同型半胱氨酸检测,nhe,1
介入治疗的超声心动图监视加收,nhe,1
增殖体活组织检查,nhe,1
颈椎平扫,nhe,1
尿道膀胱镜检查,nhe,1
左肱骨正侧位,nhe,1
轮状病毒检测,nhe,1
血气分析12项,nhe,1
破碎红细胞检查,nhe,1
肾功能11项,nhe,1
MR乳突平扫,nhe,1
肝胆MR平扫弥散,nhe,1
喉镜检查,nhe,1
针吸脑闭合性活组织检查,nhe,1
甲功常规,nhe,1
食管镜检查,nhe,1
螺旋CT增强扫描,nhe,1
一侧肢体动静脉,nhe,1
脏器灰阶立体成像,nhe,1
乳酸检查,nhe,1
CMV检查,nhe,1
头颅面听神经血管关系,nhe,1
免疫组合1,nhe,1
前列腺肿瘤两项,nhe,1
彩色多普勒,nhe,1
尿白蛋白肌酐比值,nhe,1
肾功能七项,nhe,1
乳管造影,nhe,1
乳腺超,nhe,1
心电血压监测,nhe,1
乳腺MR平扫弥散,nhe,1
前列腺活组织检查,nhe,1
肠道X线检查,nhe,1
左右足正斜位,nhe,1
腹部平片KUB,nhe,1
眼的运动检查,nhe,1
上腹部CT平扫,nhe,1
子宫附件平扫,nhe,1
新型隐球菌涂片检,nhe,1
前列腺MR平扫,nhe,1
胆囊平扫,nhe,1
左肩关节正位,nhe,1
便球杆比例,nhe,1
结肠镜检查,nhe,1
ECT,nhe,1
新-超敏C反应蛋白测定,nhe,1
甲状腺功能,nhe,1
右肱骨正侧位,nhe,1
胸部床边摄片,nhe,1
腹部肿块平扫弥散,nhe,1
舌部CT平扫,nhe,1
拍片,nhe,1
纤维鼻咽喉镜检查,nhe,1
钾钠氯测定,nhe,1
HIV检查,nhe,1
左腕关节正位,nhe,1
根治活体组织病理诊断,nhe,1
超声胃镜检,nhe,1
肾盂静脉造影,nhe,1
24h尿蛋白定量,nhe,1
肿瘤六项,nhe,1
抗HIV抗体,nhe,1
心功能检查,nhe,1
腹部肿块,nhe,1
胸部正位,nhe,1
右股骨正侧位,nhe,1
骨骼X线检查,nhe,1
锁骨下动脉CTA,nhe,1
鼻咽侧位,nhe,1
B超,nhe,1
腰穿检查,nhe,1
降钙素原检测,nhe,1
子宫镜检查,nhe,1
横膈活组织检查,nhe,1
胸部CT,nhe,1
微量元素六项,nhe,1
肝区平片,nhe,1
多普勒检查,nhe,1
留置PICC管细菌培养,nhe,1
喉标本显微镜检查,nhe,1
粪便常规和隐血,nhe,1
真菌培养及鉴定,nhe,1
双侧肢体静脉,nhe,1
肛周围组织活组织检查,nhe,1
下腔静脉MRA,nhe,1
CT髋关节平扫,nhe,1
肝活组织检查,nhe,1
手平扫,nhe,1
血细胞分析五分类,nhe,1
胃刷洗活组织检查,nhe,1
左肩关节三位片,nhe,1
腹部肿块平扫,nhe,1
全身CT检,nhe,1
肌钙蛋白T测定,nhe,1
甲状腺CT增强扫描,nhe,1
白带检查,nhe,1
房角镜检查,nhe,1
肺活组织检查,nhe,1
细菌涂片,nhe,1
下肢骨骼X线检查,nhe,1
大肠刷洗活组织检查,nhe,1
胸部正位及左右侧位,nhe,1
纤维食道镜检,nhe,1
乳房超声检查,nhe,1
沙眼衣原体荧光定量PCR,nhe,1
肝脏CT平扫,nhe,1
一般细菌培养及鉴定,nhe,1
α2球蛋白,nhe,1
踝骨骼X线检查,nhe,1
垂体平扫,nhe,1
面骨活组织检查,nhe,1
针吸脑膜活组织检查,nhe,1
足平扫,nhe,1
喉动态镜检查,nhe,1
普通细菌涂片,nhe,1
螺旋CT平扫,nhe,1
膝关节镜检查,nhe,1
软骨标本显微镜检查,nhe,1
角膜内皮镜检查,nhe,1
胆道镜检查,nhe,1
CT肱骨下段,nhe,1
颈胸腹盆CT,nhe,1
监测血钾,nhe,1
肺静脉CTA,nhe,1
CT蝶鞍平扫,nhe,1
垂体MR平扫,nhe,1
凝血全套,nhe,1
左踝关节正侧位,nhe,1
小肠内窥镜检查,nhe,1
胸骨正位,nhe,1
胸骨正侧位,nhe,1
支气管镜检,nhe,1
血糖1项,nhe,1
血清CYFRA21-1测定,nhe,1
脊髓膜活组织检查,nhe,1
CT腰椎平扫,nhe,1
巨细胞病毒,nhe,1
鼻窦MRI检查,nhe,1
颈胸腹盆CT检,nhe,1
血清胱氨酸蛋白酶抑制剂C,nhe,1
心脏平扫,nhe,1
鼻咽部活检,nhe,1
24小时尿蛋白定量,nhe,1
MR三叉神经与血管关系平扫,nhe,1
Che.TBA.GPDA,nhe,1
外周血T淋巴细胞核仁,nhe,1
结肠刷洗活组织检查,nhe,1
球杆比,nhe,1
颈椎正侧位,nhe,1
测血氨,nhe,1
肾功能,nhe,1
Rh血型分型,nhe,1
左膝关节正侧位,nhe,1
气管标本显微镜检查,nhe,1
直肠子宫陷凹活组织检查,nhe,1
数字胃肠,nhe,1
心脏活组织检查,nhe,1
浓缩TB,nhe,1
尿显微镜检查,nhe,1
胸水生化,nhe,1
厌氧菌培养及鉴定,nhe,1
甲状腺针吸活组织检查,nhe,1
甲状旁腺活组织检查,nhe,1
MR头颅血管,nhe,1
食道电生理,nhe,1
丙氨酸氨基转移酶,nhe,1
脾动脉CTA,nhe,1
综合性眼检查,nhe,1
泪囊活组织检查,nhe,1
肝脏B超,nhe,1
CT中腹部平扫,nhe,1
胰腺活组织检查,nhe,1
房角镜检,nhe,1
内听道平扫,nhe,1
特殊染色诊断技,nhe,1
柯氏位,nhe,1
腹部立位正位,nhe,1
血气检查,nhe,1
破碎红细胞检,nhe,1
浅表脏器声学造影,nhe,1
胎儿镜检查,nhe,1
骶尾X线检查,nhe,1
脑膜闭合性活组织检查,nhe,1
骨髓标本显微镜检查,nhe,1
抗甲状腺微粒体抗体测定,nhe,1
直肠乙状结肠镜检查,nhe,1
胸椎正侧位,nhe,1
CT气道重建,nhe,1
左跟骨侧位,nhe,1
肾活检,nhe,1
针吸颅神经节闭合性活组织检查,nhe,1
支气管闭合性活组织检查,nhe,1
白血病残留病灶检测,nhe,1
动态心电图,nhe,1
咽试子细菌培养,nhe,1
乳腺粗针穿刺活检,nhe,1
复血常规,nhe,1
临床血液学检,nhe,1
精液常规检,nhe,1
CT骨盆平扫,nhe,1
脊髓活组织检查,nhe,1
深部静脉超声检查,nhe,1
CT乳突平扫,nhe,1
三维超声检,nhe,1
MRCP,nhe,1
尿N-乙酰β-D氨基葡萄糖苷酶定量,nhe,1
新-淀粉酶测定,nhe,1
MR心脏平扫,nhe,1
床边摄片,nhe,1
丙型肝炎病毒遗传核糖核酸定量,nhe,1
心脏超声检,nhe,1
精囊标本显微镜检查,nhe,1
视野检查,nhe,1
动态视野检,nhe,1
裂隙灯检查,nhe,1
舌部平扫,nhe,1
肝功能5项,nhe,1
肾上腺B超,nhe,1
胸腺活组织检查,nhe,1
人类白细胞抗原B27测定,nhe,1
小肠活组织检查,nhe,1
量血压,nhe,1
免疫荧光病理诊断,nhe,1
右手指正位,nhe,1
HCVAb检,nhe,1
直肠肿块平扫,nhe,1
肠系膜动脉,nhe,1
超声造影,nhe,1
纤维结肠镜检查,nhe,1
右足正斜位,nhe,1
血小板检,nhe,1
手术伤口标本显微镜检查,nhe,1
凝血功能,nhe,1
上腹部B超,nhe,1
脑脊液检查,nhe,1
X光片检查,nhe,1
心电图,nhe,1
心脏超声,nhe,1
术前免疫八项,nhe,1
CT下颌骨平扫,nhe,1
胃镜,nhe,1
乳腺造影检,nhe,1
扁桃体活组织检查,nhe,1
大网膜活组织检查,nhe,1
左肋骨正位,nhe,1
贫血六项,nhe,1
HCG早孕测定,nhe,1
MR头颅局部MR平扫,nhe,1
血气分析14项,nhe,1
肘关节活组织检查,nhe,1
CT腰椎椎体平扫,nhe,1
移植肾,nhe,1
尿10项或11项仪器检验,nhe,1
CT股骨下段,nhe,1
声门上肿块活组织检查,nhe,1
头磁共振,nhe,1
MR头颅癫痫平扫,nhe,1
肌酐测定,nhe,1
三分类血常规,nhe,1
肠系膜上动脉CTA,nhe,1
超声肠镜检,nhe,1
睾丸附睾精索,nhe,1
新-尿微量白蛋白测定,nhe,1
头颅左侧位,nhe,1
骨髓,nhe,1
移植肝,nhe,1
骶尾椎正侧位,nhe,1
肝脏CT增强检,nhe,1
股骨上段,nhe,1
肝功能15项,nhe,1
头颅外伤,nhe,1
LDH检,nhe,1
上肢静脉CTA,nhe,1
下肢软组织X线检查,nhe,1
尿常规,nhe,1
内窥镜检查,nhe,1
脾穿刺活组织检查,nhe,1
溶血项,nhe,1
大小便常规,nhe,1
CT检查,nhe,1
术后病理,nhe,1
MR乳腺平扫弥散,nhe,1
皮肤活组织检查,nhe,1
体表包块,nhe,1
经皮周围神经节闭合性活组织检查,nhe,1
尺桡骨下段,nhe,1
右侧前臂平扫,nhe,1
尸体病理检查,nhe,1
新-肾功能八项,nhe,1
结核菌涂片检,nhe,1
CT胆囊平扫,nhe,1
左足正位,nhe,1
后穹窿镜检查,nhe,1
趾甲标本显微镜检查,nhe,1
视神经平扫,nhe,1
胃肠道造影,nhe,1
CT上中腹部平扫,nhe,1
免疫系统检,nhe,1
左肱骨正位,nhe,1
前列腺平扫,nhe,1
尿沉渣镜检查,nhe,1
CT颈椎椎体平扫,nhe,1
穿刺液细菌培养,nhe,1
骨活组织检查,nhe,1
眼的X线检查,nhe,1
无名静脉CTA,nhe,1
CT视神经平扫,nhe,1
眼眶平扫,nhe,1
细胞病理学检查,nhe,1
气管X线检查,nhe,1
眼眶CT平扫,nhe,1
甲乙丙丁戊庚前S1抗原抗体测定,nhe,1
生化免疫组合1,nhe,1
内镜,nhe,1
髋关节活组织检查,nhe,1
CT食道平扫,nhe,1
风湿三项,nhe,1
尿道镜检查,nhe,1
子宫X线检查,nhe,1
肛周皮肤活检查,nhe,1
直肠刷洗活组织检查,nhe,1
经皮脑闭合性活组织检查,nhe,1
异常红细胞形态检查,nhe,1
锁穿管细菌培养,nhe,1
子宫超声检查,nhe,1
冠脉造影,nhe,1
左右膝关节正位,nhe,1
电生理检查,nhe,1
肋骨平扫,nhe,1
头颅MR,nhe,1
CT手平扫,nhe,1
脑脊髓液显微镜检查,nhe,1
骶髂关节MR平扫,nhe,1
经胸膜腔镜检查,nhe,1
腰椎正位,nhe,1
宫腔镜,nhe,1
舌针吸活组织检查,nhe,1
人轮状病毒抗原测定,nhe,1
无菌试验,nhe,1
结肠镜检,nhe,1
颅脑CT,nhe,1
PSA检查,nhe,1
彩超,nhe,1
妇科B超,nhe,1
CT锁骨平扫,nhe,1
骨髓穿刺,nhe,1
骨穿,nhe,1
腹部立位正侧位,nhe,1
左足斜位,nhe,1
上腹部CT,nhe,1
心脏彩超,nhe,1
泌尿系B超,nhe,1
左右膝关节正侧位,nhe,1
葡萄糖测定,nhe,1
眼部标本显微镜检查,nhe,1
筋膜标本显微镜检查,nhe,1
血常规血型,nhe,1
血清肌钙蛋白Ⅰ测定,nhe,1
心肌酶学四项,nhe,1
左肩锁关节正位,nhe,1
新-尿酸测定,nhe,1
腹膜活组织检查,nhe,1
胰腺CTA,nhe,1
新型隐球菌涂片检查,nhe,1
凝血功能常规检查,nhe,1
补体检,nhe,1
乳腺平扫弥散,nhe,1
左手正斜位,nhe,1
食道镜检查,nhe,1
脐活组织检查,nhe,1
肿瘤标志物检查,nhe,1
腹水常规检查,nhe,1
腰椎椎体平扫,nhe,1
电子宫腔镜检查,nhe,1
右股骨正位,nhe,1
肾盂对比X线透视检查,nhe,1
输卵管活组织检查,nhe,1
平扫CT,nhe,1
横膈X线检查,nhe,1
卵巢活组织检查,nhe,1
尸体解剖与防腐处理,nhe,1
CT骶尾椎平扫,nhe,1
颈部平扫,nhe,1
舌活组织检查,nhe,1
甲状腺区软组织X线检查,nhe,1
新-钾钠氯-CO2CP测定,nhe,1
阴道镜检查,nhe,1
组织化学病理诊断,nhe,1
纤维全结肠镜检,nhe,1
肾上腺平扫弥散,nhe,1
左膝关节正位,nhe,1
血气分析,nhe,1
肿瘤糖类抗原定量,nhe,1
骶髂关节平扫,nhe,1
角膜内皮镜检,nhe,1
关节镜检查,nhe,1
纵隔X线检查,nhe,1
CT舌部平扫,nhe,1
输精管X线检查,nhe,1
全腹平扫,nhe,1
HCVAb检查,nhe,1
胸部正位片,nhe,1
锁骨X线检查,nhe,1
阴道五联检,nhe,1
上下颌骨CT平扫,nhe,1
泌尿系统超声检查,nhe,1
唾液腺活组织检查,nhe,1
经尿道膀胱镜检查,nhe,1
心脏X线检查,nhe,1
经人造口小肠内窥镜检查,nhe,1
颈部动静脉CTA,nhe,1
彩色多普勒超声检,nhe,1
气管镜病理检查,nhe,1
CT子宫附件平扫,nhe,1
测视力,nhe,1
耳标本显微镜检查,nhe,1
头颅MR平扫,nhe,1
新-血脂四项,nhe,1
运动平板试验,nhe,1
经皮胆管活组织检查,nhe,1
A超,nhe,1
视功能检查,nhe,1
总前列腺特异性抗原测定,nhe,1
肝胆MR平扫,nhe,1
CT踝关节平扫,nhe,1
乳腺摄影,nhe,1
乙肝两对半,nhe,1
肝脏CT,nhe,1
直达喉镜检查,nhe,1
食管活组织检查,nhe,1
血小板检查,nhe,1
视觉检查,nhe,1
各种穿刺液常规检查,nhe,1
腹透液生化,nhe,1
脑开放性活组织检查,nhe,1
腹壁活组织检查,nhe,1
普通视野检,nhe,1
中下腹部平扫,nhe,1
羊膜镜检查,nhe,1
甲状腺平扫,nhe,1
软腭活组织检查,nhe,1
纤维宫腔镜检查,nhe,1
电子腹腔镜检查,nhe,1
尿本-周氏蛋白定性检,nhe,1
可曲性光学纤维结肠镜检查,nhe,1
血细胞分析,nhe,1
肝肾脂糖电解质测定,nhe,1
血脂六项,nhe,1
尿化学检查,nhe,1
CT喉部平扫,nhe,1
MR头颅局部,nhe,1
腋窝淋巴结,nhe,1
乙型肝炎核心抗体,nhe,1
眶X线检查,nhe,1
胸椎正位,nhe,1
心肌酶谱,nhe,1
肿瘤系列1,nhe,1
肿瘤系列2,nhe,1
乳酸,nhe,1
肿瘤标志物组合1,nhe,1
肿瘤标志物组合2,nhe,1
常规HBVAg检,nhe,1
垂体腺活组织检查,nhe,1
双下肢血管彩色B超,nhe,1
腰椎正侧及双斜位,nhe,1
MR腮腺平扫,nhe,1
真菌涂片检,nhe,1
会阴尿道镜检查,nhe,1
呕吐物标本显微镜检查,nhe,1
磁共振扫描,nhe,1
鼻内窥镜检查,nhe,1
CT肘关节平扫,nhe,1
胸腹主动脉CTA,nhe,1
血常规,nhe,1
肺功,nhe,1
经食管超声心动,nhe,1
新-血脂六项,nhe,1
异常红细胞形态检,nhe,1
前列腺针刺活组织检查,nhe,1
骨钙素,nhe,1
腹水B超检及定位,nhe,1
髋关节X片,nhe,1
肿标全套测定,nhe,1
脑脊液生化,nhe,1
眼眶内活组织检查,nhe,1
MR头颅MR平扫,nhe,1
经腹妇科,nhe,1
胆道超声检查,nhe,1
真菌培养结果,nhe,1
浆膜腔积液生化六项,nhe,1
唇活组织检查,nhe,1
肝功能10项,nhe,1
气管镜检查,nhe,1
体液,nhe,1
腰椎平扫,nhe,1
超敏C反应蛋白测定,nhe,1
右膑骨轴侧位,nhe,1
肌肉活组织检查,nhe,1
肝胆平扫,nhe,1
胸腹水常规检查,nhe,1
凝血因子检测,nhe,1
头颅正左侧位,nhe,1
CT盆腔平扫,nhe,1
鼻内镜检查,nhe,1
腹部侧位,nhe,1
胸水常规,nhe,1
上中下腹部CT平扫,nhe,1
下腹部CT平扫,nhe,1
新-肾功能七项,nhe,1
膀胱平扫,nhe,1
前列腺X线检查,nhe,1
多功能纤维鼻咽镜检查,nhe,1
外周血标本,nhe,1
尿流动力学检,nhe,1
骨髓活检查,nhe,1
肺开放性活组织检查,nhe,1
血浆氨测定,nhe,1
MR头颅面听与血管关系,nhe,1
出血时间,nhe,1
药敏定量试验,nhe,1
浅表器官彩超,nhe,1
右踝关节正位,nhe,1
下腹部平扫,nhe,1
左乳腺高频钼靶,nhe,1
食道平扫,nhe,1
右胫腓骨正侧位,nhe,1
快速血浆反应素试验,nhe,1
MR喉部平扫弥散,nhe,1
骨髓活检,nhe,1
左跟骨轴侧位,nhe,1
粪便隐血试验,nhe,1
新-心肌酶学,nhe,1
甲状腺功能3项,nhe,1
免疫组织化学染色,nhe,1
血生化,nhe,1
扫描电镜,nhe,1
牙科检查,nhe,1
胃镜检活检,nhe,1
乙肝荧光定量PCR技,nhe,1
抗心磷脂抗体二项,nhe,1
胆道内窥镜检查,nhe,1
凝血四项,nhe,1
血清胰岛素测定,nhe,1
羊膜囊标本显微镜检查,nhe,1
CT胸椎上段椎体平扫,nhe,1
肾功能3项,nhe,1
纤维耳镜检查,nhe,1
CMV检,nhe,1
甲功三项,nhe,1
结核抗体测定,nhe,1
额区X线检查,nhe,1
排便造影,nhe,1
肌肉骨骼系统标本显微镜检查,nhe,1
三面镜检,nhe,1
正电子发射计算机断层显像,nhe,1
微球蛋白β2-M测定,nhe,1
乙肝DNA定量,nhe,1
透视,nhe,1
纤维腹腔镜检查,nhe,1
ABO红细胞定型,nhe,1
锁骨平扫,nhe,1
免疫三项,nhe,1
左手掌正位,nhe,1
核素功能检查,nhe,1
C—反应蛋白测定,nhe,1
肿瘤四项,nhe,1
分子生物学病理诊断,nhe,1
髂动脉CTA,nhe,1
艾滋病毒抗体,nhe,1
X线计算机体层扫描,nhe,1
眼球活组织检查,nhe,1
性激素五项,nhe,1
电生理检,nhe,1
粪寄生虫镜检,nhe,1
肺炎支原体培养,nhe,1
超声胃镜检查,nhe,1
色觉检查,nhe,1
神经--眼病检查,nhe,1
鼻窦MRI检,nhe,1
胸水B超检及定位,nhe,1
抗中性粒细胞胞浆抗体谱,nhe,1
肝炎六项,nhe,1
尿液分析,nhe,1
左侧手指掌指关节平扫,nhe,1
内镜检,nhe,1
麻醉下眼检查,nhe,1
经膀胱镜输尿管支架置入,nhe,1
前列腺标本显微镜检查,nhe,1
暗适应检查,nhe,1
淀粉酶测定,nhe,1
PSA,nhe,1
女性生殖道标本显微镜检查,nhe,1
肌钙蛋白测定,nhe,1
骨标本显微镜检查,nhe,1
血细菌培养,nhe,1
乙肝三系,nhe,1
下腔静脉CTA,nhe,1
右侧膝关节平扫,nhe,1
心包积液定位超声检,nhe,1
痰液常规检查,nhe,1
红细胞比积测定,nhe,1
增强CT,nhe,1
红细胞沉降率测定,nhe,1
肝胆胰,nhe,1
支气管电子纤维镜检查,nhe,1
脑脊液细菌培养,nhe,1
腹水超声检查,nhe,1
鼻内窥镜检,nhe,1
穿刺液常规,nhe,1
虹膜活组织检查,nhe,1
视网膜病检查,nhe,1
动态喉镜检,nhe,1
阴道分泌物检,nhe,1
生化大全项,nhe,1
新-尿淀粉酶测定,nhe,1
便培养,nhe,1
多部位超声检查,nhe,1
右膝关节正侧位,nhe,1
血栓弹力图试验,nhe,1
头颅CT,nhe,1
牙科CT平扫,nhe,1
脾脏平扫弥散,nhe,1
电解质,nhe,1
血液检查,nhe,1
颈部静脉CTA,nhe,1
颈椎椎体平扫,nhe,1
肿瘤标志物,nhe,1
尿十项分析,nhe,1
肠系膜上动脉MRA,nhe,1
直肠活组织检查,nhe,1
气管镜,nhe,1
前列腺癌特异性抗原,nhe,1
心脏脏器声学造影,nhe,1
CT头颅外伤,nhe,1
CT上下颌骨CT平扫,nhe,1
下肢动脉CTA,nhe,1
肝超声造影检,nhe,1
电耳镜检查,nhe,1
肝炎三项,nhe,1
上肢动脉CTA,nhe,1
膝关节活组织检查,nhe,1
尿本周氏蛋白定性检查,nhe,1
HBVAg,nhe,1
HCVAb,nhe,1
胸腹水生化,nhe,1
牙龈活组织检查,nhe,1
纤维腹腔镜检,nhe,1
输尿管镜检查,nhe,1
胸片,nhe,1
肝肾功能检查,nhe,1
血气离子分析,nhe,1
脑池造影CT,nhe,1
骨骼ECT检查,nhe,1
下颌骨X线检查,nhe,1
膀胱周围活组织检查,nhe,1
皮肤标本显微镜检查,nhe,1
粪便轮状病毒检测,nhe,1
同位素检,nhe,1
纯音听阈测定,nhe,1
颈动脉超声,nhe,1
耳纤维内镜检查,nhe,1
ECT检查,nhe,1
肺功能,nhe,1
经皮颅神经节闭合性活组织检查,nhe,1
胆囊活组织检查,nhe,1
心脏超声检查,nhe,1
腹壁软组织X线检查,nhe,1
标本显微镜检查,nhe,1
血型,nhe,1
上肢软组织X线检查,nhe,1
肛门活组织检查,nhe,1
普通视野检查,nhe,1
血脂检查,nhe,1
右踝关节正侧位,nhe,1
胃镜检活检查,nhe,1
听觉检查,nhe,1
周围神经切开活组织检查,nhe,1
淋巴活组织检查,nhe,1
眼检查,nhe,1
心包活组织检查,nhe,1
针吸周围神经闭合性活组织检查,nhe,1
痰显微镜检查,nhe,1
鼻标本显微镜检查,nhe,1
甲状腺活开放性组织检查,nhe,1
彩色多普勒超声检查,nhe,1
脑膜开放性活组织检查,nhe,1
尿妊娠试验,nhe,1
肠旁LN7枚,nhe,1
电子气管镜检查,nhe,1
颅神经切开活组织检查,nhe,1
PE,nhe,1
肝移植,nhe,1
肾穿,nhe,1
皮测,nhe,1
病检,nhe,1
痰查,nhe,1
指诊,nhe,1
浮髌,nhe,1
眼动,nhe,1
纤支镜,nhe,1
阴检,nhe,1
摄片,nhe,1
经皮测,nhe,1
液性暗区,nhe,1
扫查,nhe,1
产检,nhe,1
平扫示,nhe,1
阴查,nhe,1
骨窗,nhe,1
腰穿,nhe,1
血小板,nhe,1
白细胞数,nhe,1
红细胞数,nhe,1
a-脂蛋白,nhe,1
血钾,nhe,1
血糖,nhe,1
肾功离子,nhe,1
尿三杯实验,nhe,1
血肌酐,nhe,1
WBC,nhe,1
尿糖,nhe,1
狗皮屑,nhe,1
Rh血型,nhe,1
氯化物测定,nhe,1
抗核抗体,nhe,1
疱疹病毒感染,nhe,1
白蛋白电泳,nhe,1
卵磷脂小体,nhe,1
透明质酸,nhe,1
可溶性纤维蛋白单体复合物,nhe,1
虫卵,nhe,1
透明质酸聚合物,nhe,1
清蛋白,nhe,1
猫皮屑,nhe,1
淋巴细胞百分比,nhe,1
生长激素峰值,nhe,1
尿素氮/肌酐,nhe,1
游离钙,nhe,1
线索细胞,nhe,1
嗜碱性粒细胞百分比,nhe,1
脓细胞,nhe,1
抗精子抗体,nhe,1
血乳酸,nhe,1
卡他摩拉菌,nhe,1
葡萄球菌,nhe,1
谷丙/谷草,nhe,1
β2-微球蛋白,nhe,1
层粘连蛋白,nhe,1
蛋白质定量,nhe,1
化脓菌,nhe,1
抗乙酰胆碱受体抗体,nhe,1
网织红细胞计数,nhe,1
总IgE(定性),nhe,1
25-二羟维生素D,nhe,1
尿绒毛膜促性腺激素(尿HCG),nhe,1
血清锌,nhe,1
白细胞计数,nhe,1
精子,nhe,1
直接胆红素,nhe,1
高密度脂蛋白胆固醇,nhe,1
β-脂蛋白,nhe,1
尿高香草酸,nhe,1
狼疮抗凝物质,nhe,1
IgG,nhe,1
Tau蛋白,nhe,1
IgA,nhe,1
IgM,nhe,1
中性粒细胞计数,nhe,1
游离四碘甲状腺激素,nhe,1
肝纤维化,nhe,1
鳞状细胞癌抗原,nhe,1
尿素,nhe,1
大场杆菌,nhe,1
腰果,nhe,1
脂蛋白A,nhe,1
滴虫感染,nhe,1
鸡蛋白,nhe,1
液化时间,nhe,1
纤维蛋白原,nhe,1
血浆纤维蛋白肽Bβ1-42,nhe,1
肝功能,nhe,1
血红蛋白,nhe,1
管型,nhe,1
白喉棒状杆菌,nhe,1
维生素,nhe,1
免疫球蛋白IgA,nhe,1
肺炎双球菌,nhe,1
抗SSA(Ro)抗体,nhe,1
嗜酸性粒细胞,nhe,1
凝血因子Ⅸ,nhe,1
凝血因子Ⅹ,nhe,1
凝血因子Ⅺ,nhe,1
凝血因子Ⅻ,nhe,1
脓球,nhe,1
凝血因子Ⅱ,nhe,1
动脉血氧分压,nhe,1
凝血因子Ⅴ,nhe,1
凝血因子Ⅶ,nhe,1
凝血因子Ⅷ,nhe,1
血浆胰多肽,nhe,1
26-二羟维生素D,nhe,1
132I吸收率,nhe,1
克雷伯菌,nhe,1
25小时尿酸测定,nhe,1
谷丙转氨酶,nhe,1
致病菌,nhe,1
结晶数量,nhe,1
24小时肌酐测定,nhe,1
促甲状腺激素,nhe,1
乙肝表面抗原,nhe,1
癌细胞,nhe,1
血浆α2纤溶酶抑制物活性,nhe,1
超敏C反应蛋白,nhe,1
PH值,nhe,1
精子乳酸脱氢酶-X,nhe,1
霉菌组合(点青/分枝/烟曲/交链),nhe,1
平均红细胞体积,nhe,1
脑脊液病毒分离,nhe,1
间接胆红素,nhe,1
胰岛细胞抗体,nhe,1
氯离子,nhe,1
粪便隐血,nhe,1
血氧饱和度,nhe,1
血酮,nhe,1
血氨,nhe,1
外周血涂片检查,nhe,1
颗粒细胞,nhe,1
结核杆菌,nhe,1
汞,nhe,1
Ⅳ型胶原,nhe,1
维生素B12,nhe,1
尿沉,nhe,1
Aβ蛋白,nhe,1
甲状腺球蛋白,nhe,1
神经元特异性烯醇化酶,nhe,1
BAO/MAO,nhe,1
念珠菌,nhe,1
氧合指数,nhe,1
抗凝血酶Ⅲ抗原,nhe,1
动脉血二氧化碳分压,nhe,1
血绒毛膜促性腺激素,nhe,1
血气,nhe,1
尿胆原,nhe,1
餐后2小时血糖,nhe,1
B型利钠肽,nhe,1
酮体,nhe,1
血浆抗凝血酶Ⅲ活性,nhe,1
肌钙蛋白T,nhe,1
凝血酶原时间比,nhe,1
淋巴细胞计数,nhe,1
血清碘,nhe,1
电导率,nhe,1
酸碱度,nhe,1
尿蛋白,nhe,1
淋巴细胞,nhe,1
血清胱抑素,nhe,1
乙肝e抗原,nhe,1
活化凝血时间,nhe,1
寄生虫,nhe,1
钾离子,nhe,1
随机血糖,nhe,1
前列腺特异性抗原,nhe,1
尿比重测定,nhe,1
粪便结核杆菌,nhe,1
缺血修饰白蛋白,nhe,1
胃液潜血,nhe,1
抗SSB(La)抗体,nhe,1
乙肝表面抗体,nhe,1
GH峰值,nhe,1
肌钙蛋白Ⅰ,nhe,1
24小时尿酸测定,nhe,1
脂肪球,nhe,1
血PH值,nhe,1
α-羟丁酸脱氢酶,nhe,1
凝血时间,nhe,1
微量元素,nhe,1
血细胞比容,nhe,1
血浆蛋白C活性,nhe,1
溶血检查,nhe,1
过敏原筛查,nhe,1
蛋白酪氨酸磷酸酶抗体,nhe,1
乙肝核心抗体,nhe,1
肌酸激酶同工酶CK-MM,nhe,1
血小板计数,nhe,1
肌酸激酶同工酶CK-MB,nhe,1
胰岛素自身抗体,nhe,1
乙醇胶试验,nhe,1
红细胞游离原卟啉,nhe,1
维生素K,nhe,1
血浆纤维蛋白原,nhe,1
维生素A,nhe,1
Ⅲ型胶原,nhe,1
维生素C,nhe,1
人乳头瘤病毒感染,nhe,1
维生素E,nhe,1
颈管细胞,nhe,1
抗胰岛细胞抗体,nhe,1
加特纳杆菌,nhe,1
红细胞压积,nhe,1
1.25-二羟维生素D,nhe,1
杂菌,nhe,1
军团菌,nhe,1
T3摄取率,nhe,1
血浆渗透压,nhe,1
维生素B13,nhe,1
红细胞分布宽度标准差,nhe,1
轮状病毒,nhe,1
黏蛋白定性,nhe,1
尿三氯化铁试验,nhe,1
细菌（高倍）,nhe,1
癌抗原242,nhe,1
类酵母样细胞,nhe,1
便结核杆菌,nhe,1
假单胞菌,nhe,1
五肽胃泌素试验,nhe,1
血小板平均体积,nhe,1
室管膜细胞,nhe,1
甲胎蛋白,nhe,1
单核细胞,nhe,1
乳酸测定,nhe,1
载脂蛋白B,nhe,1
抗核抗体系列,nhe,1
血浆纤溶酶-抗纤溶酶复合物,nhe,1
精子低渗胀试验,nhe,1
宫颈TCT,nhe,1
单核细胞百分比,nhe,1
总三碘甲状腺原氨酸,nhe,1
痰涂片,nhe,1
血清脂肪酶,nhe,1
抗凝血,nhe,1
糖耐量,nhe,1
血浆纤维蛋白肽BP15-42,nhe,1
血浆抗凝血酶活性,nhe,1
尿红细胞（高倍）,nhe,1
β-球蛋白,nhe,1
上皮细胞,nhe,1
癌胚抗原,nhe,1
总胆汁酸,nhe,1
α2-球蛋白,nhe,1
血清铜,nhe,1
血清铁,nhe,1
氨基己糖酶同工酶A,nhe,1
甲状腺素结合球蛋白测定,nhe,1
血小板压积,nhe,1
甘胆酸,nhe,1
蛋白定量,nhe,1
基础泌酸量,nhe,1
促甲状腺素受体抗体测定,nhe,1
部分活化凝血活酶时间,nhe,1
白蛋白,nhe,1
糖链抗原19-9,nhe,1
血红蛋白平均浓度,nhe,1
隐血/潜血,nhe,1
甘油三酯,nhe,1
葡萄糖定量,nhe,1
肌酐,nhe,1
黏液,nhe,1
乙肝e抗体,nhe,1
中性粒细胞,nhe,1
奴卡菌,nhe,1
中性粒细胞百分比,nhe,1
血浆鱼精蛋白副凝试验,nhe,1
厌氧球菌,nhe,1
血清维生素B1,nhe,1
ABO血型,nhe,1
血小板体积分布宽度,nhe,1
糖化血红蛋白,nhe,1
25羟维生素D,nhe,1
血清硒,nhe,1
肾小球滤过率,nhe,1
同型半胱氨酸,nhe,1
管型（低倍）,nhe,1
细菌,nhe,1
γ-谷氨酰转肽酶,nhe,1
血浆凝血酶-抗凝血酶复合物,nhe,1
糖蛋白抗原CA50,nhe,1
肺泡-动脉氧分压差,nhe,1
谷氨酸脱羧酶抗体,nhe,1
放线菌,nhe,1
尿绒毛膜促性腺激素,nhe,1
血浆游离蛋白S抗原,nhe,1
尿淀粉酶,nhe,1
PH,nhe,1
剩余碱,nhe,1
流感嗜血杆菌,nhe,1
胃泌素释放肽前体,nhe,1
总铁结合力,nhe,1
血脂,nhe,1
低密度脂蛋白胆固醇,nhe,1
血清肌酸激酶CK,nhe,1
病理管型,nhe,1
透明度,nhe,1
血清转铁蛋白,nhe,1
比重,nhe,1
胆红素,nhe,1
凝血酶原时间,nhe,1
纤维蛋白降解产物,nhe,1
嗜酸性粒细胞百分比,nhe,1
空腹血糖,nhe,1
尿胆红素,nhe,1
顶体酶,nhe,1
胃液检查,nhe,1
精子活动力,nhe,1
奈瑟氏菌,nhe,1
红细胞分布宽度,nhe,1
134I吸收率,nhe,1
白蛋白/球蛋白,nhe,1
癌抗原125,nhe,1
血尿素氮,nhe,1
白细胞,nhe,1
隐球菌,nhe,1
卡他布兰汉菌,nhe,1
凝血因子,nhe,1
铁蛋白,nhe,1
乳酸脱氢酶,nhe,1
血清纤维蛋白降解产物,nhe,1
总钙,nhe,1
钠离子,nhe,1
嗜碱性粒细胞计数,nhe,1
血清胆囊收缩素,nhe,1
总四碘甲状腺原氨酸,nhe,1
血沉,nhe,1
血淀粉酶,nhe,1
血培养及鉴定,nhe,1
甲状腺球蛋白抗体测定,nhe,1
磷酸肌酸激酶,nhe,1
尿微量白蛋白,nhe,1
阴离子间隙,nhe,1
人附睾蛋白4,nhe,1
抗胰岛素抗体,nhe,1
上皮细胞（高倍）,nhe,1
腹水抗酸杆菌,nhe,1
VC,nhe,1
血清结合珠蛋白,nhe,1
粪便培养,nhe,1
血浆总蛋白S抗原,nhe,1
胸水常规检查,nhe,1
载脂蛋白A1,nhe,1
D-二聚体,nhe,1
糖耐量试验(2h),nhe,1
滴虫,nhe,1
全血维生素B1,nhe,1
碱性磷酸酶,nhe,1
果糖,nhe,1
总胆红素,nhe,1
白蛋白/球蛋白比值,nhe,1
甲状腺过氧化物酶测定,nhe,1
精液常规,nhe,1
榆树/梧桐树/柳树/杨树,nhe,1
1.26-二羟维生素D,nhe,1
尿酸盐,nhe,1
糖化血清蛋白,nhe,1
国际标准化比值,nhe,1
C反应蛋白,nhe,1
氧含量,nhe,1
空腹胃液量,nhe,1
反三碘甲腺原氨酸测定,nhe,1
黏蛋白凝固试验,nhe,1
前列腺液常规,nhe,1
谷草转氨酶,nhe,1
纤维蛋白(原)降解产物,nhe,1
未成熟生殖细胞,nhe,1
乳酸杆菌,nhe,1
关节液,nhe,1
屋尘,nhe,1
葡萄糖,nhe,1
小圆上皮细胞,nhe,1
细胞量,nhe,1
尿α1微量球蛋白,nhe,1
肝纤因子,nhe,1
抗系统性硬化症抗体,nhe,1
癌抗原15-3,nhe,1
乙肝病毒DNA,nhe,1
二氧化碳结合率,nhe,1
25小时肌酐测定,nhe,1
抗线粒体抗体,nhe,1
肺炎链球菌,nhe,1
乳酸浓度,nhe,1
高峰泌酸量,nhe,1
红细胞,nhe,1
尿PH值,nhe,1
镁,nhe,1
碳酸氢根,nhe,1
血红蛋白平均含量,nhe,1
癌抗原72-4,nhe,1
优球蛋白溶解时间,nhe,1
总胆固醇,nhe,1
抗平滑肌抗体,nhe,1
多巴胺,nhe,1
抗甲状腺微粒体抗体,nhe,1
免疫球蛋白IgG,nhe,1
免疫球蛋白IgM,nhe,1
盐酸,nhe,1
γ-球蛋白,nhe,1
叶酸,nhe,1
粉尘,nhe,1
血清泌乳素,nhe,1
精子密度,nhe,1
有核红细胞,nhe,1
尿白细胞（高倍）,nhe,1
载脂蛋白A/B,nhe,1
大型血小板比例,nhe,1
球蛋白,nhe,1
抗组蛋白抗体,nhe,1
亚硝酸盐,nhe,1
霉菌感染,nhe,1
维生素B6,nhe,1
抗心磷脂抗体,nhe,1
133I吸收率,nhe,1
尿酸,nhe,1
红细胞计数,nhe,1
痰培养,nhe,1
精子存活率,nhe,1
最大泌酸量,nhe,1
精子总数,nhe,1
全血缓冲碱,nhe,1
胃液分泌总量,nhe,1
精液量,nhe,1
总蛋白,nhe,1
嗜酸性粒细胞计数,nhe,1
磷(无机磷),nhe,1
粪潜血,nhe,1
抗ds-DNA抗体,nhe,1
单核细胞计数,nhe,1
131I吸收率,nhe,1
葡糖糖,nhe,1
凝固性,nhe,1
肌酸激酶同工酶CK-BB,nhe,1
白带常规,nhe,1
红细胞体积分布宽度变异系,nhe,1
细胞计数,nhe,1
α1-球蛋白,nhe,1
化生细胞,nhe,1
细胞角蛋白片段19,nhe,1
凝血因子Ⅷ抑制物,nhe,1
凝血酶时间,nhe,1
脑膜炎奈瑟菌,nhe,1
游离三碘甲状腺激素,nhe,1
压力测定,nhe,1
乙肝核心抗原,nhe,1
谷氨酸脱氢酶,nhe,1
霉菌,nhe,1
抗ss-DNA抗体,nhe,1
关节液液涂片,nhe,1
血清抗链球菌溶血素,nhe,1
戊肝病毒抗体,nhe,1
丙肝,nhe,1
骨髓象,nhe,1
血液免疫学检查,nhe,1
尿肾上腺素,nhe,1
内生肌酐清除率,nhe,1
TP抗体检查,nhe,1
空腹胰岛素,nhe,1
胺试验,nhe,1
丙肝病毒核心抗原,nhe,1
24h尿酸测定/24h尿肌酐测定,nhe,1
脑脊液涂片,nhe,1
脑脊液病毒培养,nhe,1
血清特异性IgG抗体,nhe,1
血清C肽,nhe,1
出血热病毒抗体IgM,nhe,1
咽拭子,nhe,1
梅毒荧光抗体IgM吸附试验,nhe,1
耳道分泌物菌培养,nhe,1
宫颈分泌物支原体衣原体检查,nhe,1
饥饿实验,nhe,1
肥达氏反应,nhe,1
降钙素,nhe,1
免疫球蛋白A,nhe,1
免疫球蛋白G,nhe,1
丙肝病毒RNA,nhe,1
抗透明质酸酶,nhe,1
血管紧张素转化酶,nhe,1
类风湿因子IgA,nhe,1
宫腔分泌物培养,nhe,1
肾上腺素,nhe,1
梅毒检测,nhe,1
食管滴酸试验,nhe,1
类风湿因子IgG,nhe,1
甲型肝炎病毒RNA,nhe,1
宫颈管分泌物菌培养,nhe,1
阴道分泌物霉菌培养,nhe,1
尿道分泌物菌培养,nhe,1
结核菌素皮肤试验,nhe,1
类风湿因子IgE,nhe,1
类风湿因子IgD,nhe,1
类风湿因子(RF),nhe,1
皮质醇,nhe,1
类风湿因子IgM,nhe,1
EB病毒,nhe,1
抗链球菌激酶,nhe,1
血管紧张素Ⅰ,nhe,1
特异抗原HLA-B27,nhe,1
尿道分泌物涂片,nhe,1
补体C4,nhe,1
血清免疫球蛋白,nhe,1
血培养,nhe,1
EB病毒抗体IgG/VCA,nhe,1
尿17-羟类固醇,nhe,1
残余尿量,nhe,1
伤口分泌物涂片,nhe,1
甲型肝炎病毒抗体IgM,nhe,1
宫颈分泌物涂片,nhe,1
骨髓增生活跃，可出现原始或幼稚细胞,nhe,1
脑脊液特异性抗体检测,nhe,1
C-肽,nhe,1
血清结核抗体,nhe,1
血管紧张素Ⅱ,nhe,1
梅毒特异性抗体,nhe,1
激素,nhe,1
胸水菌培养,nhe,1
尿17-酮皮质类固醇,nhe,1
脑脊液菌培养,nhe,1
血清乳糖,nhe,1
胆碱酯酶,nhe,1
尿去甲肾上腺素,nhe,1
腹部穿刺脓性液,nhe,1
淋球菌培养,nhe,1
促肾上腺皮质激素,nhe,1
伤口分泌物菌培养,nhe,1
宫颈管分泌物涂片,nhe,1
抗脱氧核糖核酸酶B,nhe,1
补体C3,nhe,1
幽门螺杆菌试验,nhe,1
丙型肝炎病毒抗体IgM,nhe,1
类风湿因子,nhe,1
皮肤真菌镜检,nhe,1
丙型肝炎病毒抗体IgG,nhe,1
革兰染色,nhe,1
醛固酮,nhe,1
利凡他试验,nhe,1
甲型肝炎病毒抗体IgA,nhe,1
甲型肝炎病毒抗体IgG,nhe,1
尿道分泌物支原体衣原体检查,nhe,1
去甲肾上腺素,nhe,1
血清学梅毒试验,nhe,1
EB病毒抗体IgM/VCA,nhe,1
梅毒血清学试验,nhe,1
后穹隆穿刺液涂片,nhe,1
宫颈分泌物双球菌检查,nhe,1
抗中性粒细胞胞浆抗体,nhe,1
抗人球蛋白试验,nhe,1
促卵泡生成素,nhe,1
EB病毒IgA/VCA,nhe,1
24小时尿钾,nhe,1
血清特异性IgE抗体,nhe,1
雌二醇,nhe,1
EB病毒IgA/EA,nhe,1
胆碱酯酶活力,nhe,1
过氯酸钾排泌试验,nhe,1
甲型肝炎病毒抗原,nhe,1
48小时游离β-绒毛膜促性腺激素增高,nhe,1
排卵试纸检测,nhe,1
内听道CT,nhe,1
ANA谱,nhe,1
三维超声,nhe,1
tct,nhe,1
激光,nhe,1
过敏原的检查,nhe,1
排卵试纸检查,nhe,1
测排卵试纸,nhe,1
碳14,nhe,1
唐氏筛查,nhe,1
白细胞检查,nhe,1
糖化,nhe,1
18三体风险值,nhe,1
ki67,nhe,1
阴超,nhe,1
视野,nhe,1
4维彩超,nhe,1
睾铜,nhe,1
扩瞳验光,nhe,1
Hpv52,nhe,1
三维,nhe,1
RF,nhe,1
韦氏成人智力测验,nhe,1
生长素检测,nhe,1
胎监,nhe,1
排卵试纸测,nhe,1
阴超检查,nhe,1
amh,nhe,1
排卵监测,nhe,1
HpV,nhe,1
二维排畸B超,nhe,1
唐筛检查,nhe,1
大排畸,nhe,1
锌,nhe,1
产前筛查,nhe,1
ANCA,nhe,1
排卵检测,nhe,1
屈光度,nhe,1
甲功7项,nhe,1
真菌培养,nhe,1
糖筛,nhe,1
c14吹气实验,nhe,1
四维彩超排畸,nhe,1
唐筛,nhe,1
t4,nhe,1
三维B超,nhe,1
t3,nhe,1
查过敏源,nhe,1
造影,nhe,1
c13呼气,nhe,1
真菌检查,nhe,1
幽门螺旋杆菌检测,nhe,1
呼气试验,nhe,1
内分泌检,nhe,1
幽门螺杆菌抗体检测,nhe,1
NTB超,nhe,1
x光拍片,nhe,1
二维彩超,nhe,1
Co2激光,nhe,1
黄体铜,nhe,1
测过排卵,nhe,1
刮片检查,nhe,1
Hcg,nhe,1
无创dna,nhe,1
X射线,nhe,1
产前基因检测,nhe,1
21三体风险,nhe,1
排畸检查,nhe,1
内膜病理检查,nhe,1
hpv81,nhe,1
唐氏中筛,nhe,1
中粒细胞,nhe,1
四维排畸检,nhe,1
超生内镜,nhe,1
2维B超,nhe,1
测排卵,nhe,1
钡餐,nhe,1
冠状造影,nhe,1
双胎大排畸,nhe,1
hpv6,nhe,1
过敏源检验,nhe,1
OSB,nhe,1
庭功能检查,nhe,1
hpv16,nhe,1
甲功3项,nhe,1
封闭抗体检查,nhe,1
E8四维彩超,nhe,1
幽门螺杆菌抗体测定,nhe,1
巴氏,nhe,1
幽门螺旋杆菌检查,nhe,1
分段诊刮,nhe,1
细胞遗传学检查,nhe,1
抗酸杆菌,nhe,1
AFP,nhe,1
幽门,nhe,1
e2,nhe,1
LCT,nhe,1
hp快速检测,nhe,1
tsh,nhe,1
IgE,nhe,1
ONTD风险,nhe,1
四维检查,nhe,1
fsh,nhe,1
胶囊内镜,nhe,1
诊刮,nhe,1
排畸B超,nhe,1
SSG,nhe,1
唐式筛选,nhe,1
过敏源检测,nhe,1
地贫基因,nhe,1
hpv68,nhe,1
四维超声,nhe,1
声导抗检查,nhe,1
红细胞积压,nhe,1
低密度脂蛋白,nhe,1
查听力,nhe,1
唐式筛查,nhe,1
四维排查,nhe,1
过敏原检测,nhe,1
钙,nhe,1
听力,nhe,1
四维,nhe,1
HGB,nhe,1
hpv分型,nhe,1
超声内镜,nhe,1
幽门螺杆菌检测,nhe,1
地贫检查,nhe,1
听力检查,nhe,1
产妇排畸检查,nhe,1
NT,nhe,1
唐氏,nhe,1
检查过敏原,nhe,1
封闭抗体,nhe,1
排卵,nhe,1
四维排畸,nhe,1
微量元素检查,nhe,1
排畸彩超,nhe,1
微量元素测定,nhe,1
激数六项,nhe,1
散瞳验光,nhe,1
优生五项,nhe,1
刮片,nhe,1
四维彩超,nhe,1
ANA,nhe,1
b超排畸,nhe,1
查微量元素,nhe,1
双胎大排畸检查,nhe,1
钡餐检查,nhe,1
x光片,nhe,1
抗缪勒氏管,nhe,1
二维检查,nhe,1
配镜检查,nhe,1
B超检查,nhe,1
分泌物的常规检查,nhe,1
断性刮宫,nhe,1
四维B超,nhe,1
hpv45,nhe,1
甲功,nhe,1
hpv43,nhe,1
CIN,nhe,1
诊断性刮宫,nhe,1
碳14呼吸试,nhe,1
大排畸检查,nhe,1
唐氏检查,nhe,1
B超筛查,nhe,1
系统B超,nhe,1
3维彩超大排畸,nhe,1
伍德灯,nhe,1
过敏源,nhe,1
BV检测,nhe,1
排卵试纸,nhe,1
分泌物检查,nhe,1
四维彩超检查,nhe,1
过敏源检查,nhe,1
排卵试纸进行自测,nhe,1
乳导管镜,nhe,1
tpt,nhe,1
核磁共振,nhe,1
伍德灯检查,nhe,1
测排卵纸,nhe,1
过敏原检查,nhe,1
唐筛21三体综合症,nhe,1
人型支原(Mh),nhe,1
基因的检查,nhe,1
氏筛查,nhe,1
B超监测,nhe,1
幽门螺旋菌抗体,nhe,1
敏原检测,nhe,1
微量元素排查,nhe,1
a9,nhe,1
幽门杆菌,nhe,1
二维排畸,nhe,1
微量元,nhe,1
测排卵试纸监测,nhe,1
唐筛查,nhe,1
dob,nhe,1
微量元素检测,nhe,1
PFK,nhe,1
三维彩超,nhe,1
验光,nhe,1
抗dsDNA,nhe,1
21三体风险值,nhe,1
三维大排畸,nhe,1
敏源检测,nhe,1
唐氏筛选,nhe,1
解脲支原体培养,nhe,1
婚检,nhe,1
优生优育,nhe,1
试纸测,nhe,1
染色体,nhe,1
真菌检测,nhe,1
解脲脲原体,nhe,1
查真菌,nhe,1
TF,nhe,1
左氨酶,nhe,1
高危亚型hvp51,nhe,1
衣原体,nhe,1
磁共振,nhe,1
性六项检查,nhe,1
DSA,nhe,1
c13吹气实验,nhe,1
核磁,nhe,1
解脲支原体,nhe,1
声音检查,nhe,1
新生儿筛查,nhe,1
碳13,nhe,1
排畸,nhe,1
新生儿疾病筛查,nhe,1
促甲素,nhe,1
红外线乳透,nhe,1
脑电波,nhe,1
产前四围检查,nhe,1
脂蛋白(a）,nhe,1
屈光检查,nhe,1
绒毛检查,nhe,1
人型支原体,nhe,1
中唐检查,nhe,1
通水,nhe,1
4维,nhe,1
真菌,nhe,1
二维,nhe,1
无创筛查,nhe,1
基因筛查,nhe,1
嗓音分析,nhe,1
HSG,nhe,1
妇检,nhe,1
盆底筛查,nhe,1
白帶常規,nhe,1
查白带,nhe,1
通液,nhe,1
21三体综合比值,nhe,1
促黃体生成素,nhe,1
性六项,nhe,1
分泌物培养,nhe,1
中唐,nhe,1
检查染色体,nhe,1
糖耐报告,nhe,1
钼靶检查,nhe,1
糖耐,nhe,1
体检,nhe,1
婚前检查,nhe,1
甲状功能,nhe,1
地贫检测,nhe,1
CH检查,nhe,1
酸性细胞,nhe,1
CA125,nhe,1
支源体,nhe,1
经颅多普勒,nhe,1
TCD,nhe,1
反应蛋白,nhe,1
声导抗,nhe,1
pHv56,nhe,1
纯音听阈测听,nhe,1
Hvp,nhe,1
蛋白质,nhe,1
孕检,nhe,1
精子活力,nhe,1
蛋白电泳,nhe,1
蛋白电泳a1,nhe,1
蛋白电泳a2,nhe,1
蛋白电泳Y,nhe,1
蛋白C,nhe,1
蛋白S,nhe,1
屈光,nhe,1
阴道镜,nhe,1
吹气试验,nhe,1
放射片,nhe,1
乳透,nhe,1
脂蛋白,nhe,1
基因检测,nhe,1
陰道鏡,nhe,1
内窥镜,nhe,1
优生四项,nhe,1
优生八项,nhe,1
优生五项检查,nhe,1
优生十项,nhe,1
优生十项检查,nhe,1
优生检查,nhe,1
24小时尿蛋白,nhe,1
肌电图,nhe,1
吹气检查,nhe,1
荧光素法,nhe,1
NK细胞,nhe,1
自然杀伤细胞,nhe,1
全面检查,nhe,1
头部CT,nhe,1
食道镜,nhe,1
乳腺B超,nhe,1
测骨龄,nhe,1
眼睛检查,nhe,1
眼底造影,nhe,1
化验尿液,nhe,1
小便化验,nhe,1
全身检查,nhe,1
全身体检,nhe,1
肠胃镜,nhe,1
眼睛验光,nhe,1
无创DNA检查,nhe,1
孕前检查,nhe,1
呼气实验,nhe,1
吹气实验,nhe,1
瞳距,nhe,1
C13,nhe,1
C13检查,nhe,1
C14,nhe,1
C14检查,nhe,1
腹腔镜,nhe,1
荧光检测,nhe,1
技术六项检查,nhe,1
上压,nhe,1
下压,nhe,1
优生10项,nhe,1
优生4项,nhe,1
嗜碱性粒细胞,nhe,1
人绒毛膜促性腺激素,nhe,1
人绒毛膜促性素,nhe,1
性腺六项,nhe,1
查肝功能,nhe,1
亲子鉴定,nhe,1
CTC,nhe,1
验血,nhe,1
蛋白,nhe,1
潜血,nhe,1
血色素,nhe,1
凝血机制,nhe,1
血凝分析,nhe,1
ca199,nhe,1
查凝血,nhe,1
吹气,nhe,1
呼吸检测,nhe,1
血红素,nhe,1
催乳素,nhe,1
生殖检查,nhe,1
ca724,nhe,1
防癌涂片,nhe,1
盆底检查,nhe,1
检查盆底功能,nhe,1
凝血活酶,nhe,1
APTT,nhe,1
宫镜检查,nhe,1
血检,nhe,1
泌乳素检查,nhe,1
CEA,nhe,1
查染色体,nhe,1
经皮肾镜,nhe,1
细胞角蛋白,nhe,1
血项,nhe,1
外周血,nhe,1
男性功能,nhe,1
抽血,nhe,1
ERY阴血,nhe,1
血压检测,nhe,1
泌乳素,nhe,1
性功能,nhe,1
钾,nhe,1
钠,nhe,1
氯,nhe,1
磷,nhe,1
二氧化碳,nhe,1
EYHT,nhe,1
PTT,nhe,1
ZDHS,nhe,1
ZJDHS,nhe,1
JJDHS,nhe,1
ZDB,nhe,1
BDB,nhe,1
QDB,nhe,1
白球比,nhe,1
BQB,nhe,1
GBZAM,nhe,1
GCZAM,nhe,1
胱抑素C,nhe,1
GYSC,nhe,1
BXBS,nhe,1
ZXLXBBFB,nhe,1
LBXBBFB,nhe,1
DHXBBFB,nhe,1
SSXLXBBFB,nhe,1
SJXLXBBFB,nhe,1
中性粒细胞绝对值,nhe,1
ZXLXBJDZ,nhe,1
淋巴细胞绝对值,nhe,1
LBXBJDZ,nhe,1
单核细胞绝对值,nhe,1
DHXBJDZ,nhe,1
嗜酸性粒细胞绝对值,nhe,1
SSXLXBJDZ,nhe,1
嗜碱性粒细胞绝对值,nhe,1
SJXLXBJDZ,nhe,1
HXBS,nhe,1
血红蛋白浓度,nhe,1
XHDBND,nhe,1
HXBYJ,nhe,1
PJHXBTJ,nhe,1
平均红细胞血红蛋白含量,nhe,1
PJHXBXHDBH,nhe,1
平均红细胞血红蛋白浓度,nhe,1
PJHXBXHDBN,nhe,1
红细胞体积分布宽度-SD,nhe,1
HXBTJFBKD-,nhe,1
红细胞体积分布宽度-CV,nhe,1
血小板数,nhe,1
XXBS,nhe,1
XXBTJFBKD,nhe,1
平均血小板体积,nhe,1
PJXXBTJ,nhe,1
XXBYJ,nhe,1
GYSZ,nhe,1
ZDGC,nhe,1
DMDZDB,nhe,1
高密度脂蛋白,nhe,1
GMDZDB,nhe,1
HXB,nhe,1
BXB,nhe,1
SPXB,nhe,1
PHZ,nhe,1
24小时尿肌酐测定,nhe,1
24XSNJGCD,nhe,1
24XSNDBDL,nhe,1
NWLBDB,nhe,1
白细胞数目,nhe,1
BXBSM,nhe,1
中性细胞数,nhe,1
ZXXBS,nhe,1
淋巴细胞数目,nhe,1
LBXBSM,nhe,1
中性细胞比率,nhe,1
ZXXBBL,nhe,1
血小板分布宽度,nhe,1
XXBFBKD,nhe,1
大型血小板比率,nhe,1
DXXXBBL,nhe,1
中值细胞比率,nhe,1
ZZXBBL,nhe,1
中值细胞数,nhe,1
ZZXBS,nhe,1
XHDB,nhe,1
XXB,nhe,1
载脂蛋白AI,nhe,1
ZZDBAI,nhe,1
ZZDBB,nhe,1
结晶,nhe,1
HXBGBSY,nhe,1
GXDBSY,nhe,1
BXBGBSY,nhe,1
肌酸激酶,nhe,1
JSJM,nhe,1
肌酸激酶同工酶,nhe,1
JSJMTGM,nhe,1
RSTQM,nhe,1
a-羟丁酸,nhe,1
A-QDS,nhe,1
CFYDB,nhe,1
肌钙蛋白I,nhe,1
JGDBI,nhe,1
肌红蛋白,nhe,1
JHDB,nhe,1
NXMYSJ,nhe,1
凝血酶原活动度,nhe,1
NXMYHDD,nhe,1
国际化标准比例,nhe,1
GJHBZBL,nhe,1
活化部分凝血活酶时间,nhe,1
HHBFNXHMSJ,nhe,1
XWDBY,nhe,1
NXMSJ,nhe,1
D-EJT,nhe,1
抗凝血酶Ⅲ测定,nhe,1
KNXMCD,nhe,1
XWDB(Y)JJC,nhe,1
铁,nhe,1
铜,nhe,1
JXLSM,nhe,1
谷氨酰氨基转移酶,nhe,1
GAXAJZYM,nhe,1
DJZM,nhe,1
a岩藻糖甘酶,nhe,1
AYZTGM,nhe,1
淀粉酶,nhe,1
DFM,nhe,1
乙型肝炎DNA测定,nhe,1
YXGYDNACDP,nhe,1
人III型前胶原肽,nhe,1
RIIIXQJYTP,nhe,1
血清IV型胶原测定,nhe,1
XQIVXJYCD,nhe,1
血清层粘蛋白测定,nhe,1
XQCZDBCD,nhe,1
血清透明质酸测定,nhe,1
XQTMZSCD,nhe,1
血清促甲状腺激素测定,nhe,1
XQCJZXJSCD,nhe,1
血清甲状腺素测定,nhe,1
XQJZXST4CD,nhe,1
血清三碘甲状腺原氨酸,nhe,1
XQSDJZXYAS,nhe,1
血清游离甲状腺素,nhe,1
XQYLJZXSFT,nhe,1
血清游离三碘甲状腺原氨酸,nhe,1
XQYLSDJZXY,nhe,1
ZDZS,nhe,1
糖类抗原测定,nhe,1
TLKYCDCA19,nhe,1
LFSYZ,nhe,1
抗链球菌溶血素O,nhe,1
KLQJRXSO,nhe,1
THXHDB,nhe,1
血清同型半胱氨酸测定,nhe,1
XQTXBGASCD,nhe,1
餐后两小时血糖,nhe,1
CHLXSXT,nhe,1
甲胎蛋白测定,nhe,1
JTDBCD,nhe,1
抗甲状腺球蛋白抗体测定,nhe,1
KJZXQDBKTC,nhe,1
抗甲状腺过氧化物酶抗体,nhe,1
KJZXGYHWMK,nhe,1
TLKYCDCA125,nhe,1
TLKYCDCA153,nhe,1
铁蛋白测定,nhe,1
TDBCD,nhe,1
B2微球蛋白测定,nhe,1
B2WQDBCD,nhe,1
APKYCD,nhe,1
总前列腺特异性抗原,nhe,1
TPSA,nhe,1
FPSA,nhe,1
ZTJHL,nhe,1
不饱和铁结合力,nhe,1
BBHTJHL,nhe,1
铁饱和度,nhe,1
TBHD,nhe,1
叶酸测定,nhe,1
YSCD,nhe,1
血清维生素测定,nhe,1
XQWSSCD,nhe,1
血清人绒毛膜促性腺激素测定,nhe,1
XQRRMMCXXJ,nhe,1
血清泌乳素测定,nhe,1
XQMRSCD,nhe,1
睾酮测定,nhe,1
GTCD,nhe,1
红细胞沉降率,nhe,1
HXBCJL,nhe,1
B型钠尿肽前体测定,nhe,1
BXNNTQTCD,nhe,1
血清药物浓度测定,nhe,1
XQYWNDCD,nhe,1
SJYTYXXCHM,nhe,1
细胞角蛋白19片段,nhe,1
XBJDB19PD,nhe,1
JGSYCD,nhe,1
腺苷脱氨酶,nhe,1
XGTAM,nhe,1
甲状旁腺激素测定,nhe,1
JZPXJSCD,nhe,1
血清骨钙素测定,nhe,1
XQGGSCD,nhe,1
25羟维生素D测定,nhe,1
25QWSSDCD,nhe,1
血浆皮质醇测定,nhe,1
XJPZCCD,nhe,1
促甲状腺素受体抗体,nhe,1
CJZXSSTKT,nhe,1
谷草谷丙比,nhe,1
GCGBB,nhe,1
结核杆菌核酸检测,nhe,1
JHGJHSJC,nhe,1
血浆氨,nhe,1
XJA,nhe,1
BTC3,nhe,1
BTC4,nhe,1
MYQDBA,nhe,1
MYQDBG,nhe,1
免疫球蛋白M,nhe,1
MYQDBM,nhe,1
丙型肝炎RNA测定,nhe,1
BXGYRNACDP,nhe,1
脑脊液总蛋白,nhe,1
NJYZDB,nhe,1
KJZXWLTKTC,nhe,1
钙测定,nhe,1
GCDLZXZDJF,nhe,1
血清促肾上腺皮质激素测定,nhe,1
XQCSSXPZJS,nhe,1
血清生长激素测定,nhe,1
XQSCJSCD,nhe,1
皮质醇测定,nhe,1
醛固酮测定,nhe,1
QGTCD,nhe,1
肾素定量,nhe,1
SSDL,nhe,1
血管紧张素I测定,nhe,1
XGJZSICD,nhe,1
YGEKY,nhe,1
C肽,nhe,1
抗胰岛素抗体测定,nhe,1
KYDSKTCD,nhe,1
餐后一小时血糖,nhe,1
CHYXSXT,nhe,1
餐后半小时血糖,nhe,1
CHBXSXT,nhe,1
餐后三小时血糖,nhe,1
CHSXSXT,nhe,1
胃泌素-17,nhe,1
WMS-17JS,nhe,1
胃蛋白酶原,nhe,1
WDBMY,nhe,1
胃蛋白酶原Ⅱ,nhe,1
胃蛋白酶原Ⅰ,nhe,1
腹腔血HCG,nhe,1
FQXHCG,nhe,1
性激六项,nhe,1
白血球,nhe,1
血细胞,nhe,1
P,nhe,1
Bp,nhe,1
中性粒细胞百分率,nhe,1
肌酶,nhe,1
心功能,nhe,1
化验,nhe,1
软组织影,nhe,1
看眼睛,nhe,1
心脏造影检查,nhe,1
检查男性染色体,nhe,1
抗B2-GP1,nhe,1
抗β2糖蛋白1抗体,nhe,1
抗β2-GP1抗体,nhe,1
尿蛋白定性,nhe,1
孕酮,nhe,1
促甲状腺素,nhe,1
游离T3,nhe,1
FT3,nhe,1
游离T4,nhe,1
FT4,nhe,1
血壓,nhe,1
宫体大小,nhe,1
高壓,nhe,1
血圧,nhe,1
入职体检,nhe,1
CAG,nhe,1
scc,nhe,1
scc指数,nhe,1
查三高,nhe,1
看肝胆,nhe,1
盆底检测,nhe,1
HCV,nhe,1
眼压,nhe,1
切片病理,nhe,1
耳镜,nhe,1
内膜厚度,nhe,1
基础LH,nhe,1
验孕,nhe,1
T淋巴细胞,nhe,1
组织胺,nhe,1
白三烯,nhe,1
肛诊,nhe,1
视网膜筛查,nhe,1
皮试,nhe,1
MT,nhe,1
支原体检查,nhe,1
喉镜,nhe,1
指检,nhe,1
凝血,nhe,1
身体不耐受食物检测,nhe,1
怀孕初期检查,nhe,1
测Hiv,nhe,1
CA1999,nhe,1
照影,nhe,1
测量血压值,nhe,1
crp,nhe,1
性激素7项,nhe,1
化验血,nhe,1
白细胞酯酶,nhe,1
铜蓝蛋白,nhe,1
24小时尿酮,nhe,1
肺中叶钙化灶,nhe,1
HR,nhe,1
AZF检查,nhe,1
同工酶48,nhe,1
hp-,nhe,1
HP（-）,nhe,1
心脏彩色多普勒超声,nhe,1
血细菌培养+药敏,nhe,1
颈部淋巴结,nhe,1
便细菌培养+药敏,nhe,1
分泌物检+BV,nhe,1
前HBVAg、HCVAb、HIV、TP检查,nhe,1
血液培养仪器法+药敏,nhe,1
心电、氧饱和度监护,nhe,1
沙门菌、志贺菌培养及鉴定,nhe,1
结肠镜检+活检,nhe,1
CD55、CD59检测,nhe,1
引流液细菌培养+药敏,nhe,1
呼吸道病毒抗体测定+EB病毒抗体五项,nhe,1
免疫球蛋白+补体,nhe,1
电镜病理诊断:透射电镜诊断,nhe,1
分泌物细菌培养+药敏,nhe,1
抗HIV+梅毒两项,nhe,1
腹透液细菌培养+药敏,nhe,1
鼻咽喉镜检+活检,nhe,1
抗HIV抗体+梅毒,nhe,1
采血器+容器,nhe,1
电镜病理诊断:免疫电镜诊断,nhe,1
鼻咽喉镜检+活检查,nhe,1
DC干细胞细菌培养+药敏,nhe,1
真菌培养+药敏,nhe,1
气管镜检+活检查,nhe,1
胆汁细菌培养+药敏,nhe,1
尿常规+尿沉渣镜检,nhe,1
尿细菌培养+药敏,nhe,1
痰细菌培养+药敏,nhe,1
结肠镜检+活检查,nhe,1
左肾静脉“胡桃夹“,nhe,1
左肾静脉“胡桃夹”,nhe,1
抗HIV抗体+梅毒两项,nhe,1
留置PICC管细菌培养+药敏,nhe,1
HIV+RPR,nhe,1
咽试子细菌培养+药敏,nhe,1
气管镜检+鼻咽喉检+活检,nhe,1
尿常规+尿沉渣镜检查,nhe,1
穿刺液细菌培养+药敏,nhe,1
锁穿管细菌培养+药敏,nhe,1
妇科彩超,nhe,1
胸、腹水常规检查,nhe,1
气管镜检+鼻咽喉检+活检查,nhe,1
气管镜检+活检,nhe,1
电镜病理诊断:扫描电镜诊断,nhe,1
脑脊液细菌培养+药敏,nhe,1
CAG结果,nhe,1
前HBVAg、HCVAb、HIV、TP检,nhe,1
颞骨CT,nhe,1
产前检查,nhe,1
声导抗测听,nhe,1
上消化道钡餐,nhe,1
尿妊娩,nhe,1
PO2,nhe,1
脓细胞/白细胞,nhe,1
尿HCG,nhe,1
胰岛细胞抗体:,nhe,1
蟑螂,nhe,1
血清抗链球菌溶血素“O”,nhe,1
甲肝,nhe,1
梅毒螺旋体抗体,nhe,1
促卵泡激素,nhe,1
促黄体激素,nhe,1
垂体催乳素,nhe,1
阴道彩超,nhe,1
B查,nhe,1
促黄体生成素,nhe,1
谷氨酰转肽酶,nhe,1
低剂量螺旋CT,nhe,1
胸部增强CT,nhe,1
头部增强MR,nhe,1
头部增强CT,nhe,1
上腹部增强CT,nhe,1
纤维支气管镜,nhe,1
经皮穿刺,nhe,1
淋巴结活检,nhe,1
浅表肿物活检,nhe,1
体腔积液细胞学检查,nhe,1
PET/CT,nhe,1
纵膈镜,nhe,1
EBUS,nhe,1
细胞学检查,nhe,1
EGFR基因突变,nhe,1
内分泌免疫组化检测,nhe,1
ARMS,nhe,1
ctDNA,nhe,1
EGFR突变,nhe,1
T790M,nhe,1
胸部平扫CT,nhe,1
脑MRI,nhe,1
免疫组化,nhe,1
LDCT,nhe,1
支气管镜,nhe,1
纵隔镜,nhe,1
EUS,nhe,1
超声内镜检查术,nhe,1
超声支气管镜检查术,nhe,1
正电子发射计算机断层扫描,nhe,1
核素显像,nhe,1
胸部X线摄影,nhe,1
生化,nhe,1
孕期产检,nhe,1
ALT,nhe,1
AST,nhe,1
T管造影,nhe,1
小肠及血管造影,nhe,1
下腹部MRA,nhe,1
头颈MRA,nhe,1
头颅MRS,nhe,1
头颅MRV,nhe,1
泌尿系CTU,nhe,1
肝CTA,nhe,1
肝MRA,nhe,1
锁骨动脉CTA,nhe,1
肺动脉MRA,nhe,1
腋动脉CTA,nhe,1
宫颈刮片,nhe,1
血清铁蛋白,nhe,1
运铁蛋白饱和度,nhe,1
骨髓铁染色,nhe,1
血清铁原卟啉测定,nhe,1
血清可溶性转铁蛋白受体测定,nhe,1
网织红细胞血红蛋白（Hb）含量,nhe,1
铁剂治疗试验,nhe,1
子宫内膜病理,nhe,1
血液培养,nhe,1
子宫颈分泌物沙眼衣原体及淋病奈瑟菌检测,nhe,1
子宫颈分泌物培养及药敏试验,nhe,1
尿HCG检测,nhe,1
降钙素原,nhe,1
尿液沙眼衣原体检测,nhe,1
疱液病毒培养,nhe,1
特异性IgE,nhe,1
T细胞亚群,nhe,1
血清Th2细胞趋化因子水平,nhe,1
真菌镜检,nhe,1
血糖检验,nhe,1
尿常规检验,nhe,1
阴道分泌物镜检,nhe,1
阴道分泌物PH值试验,nhe,1
病原体检测,nhe,1
宫颈管分泌物镜检,nhe,1
白细胞检测,nhe,1
免疫复合物,nhe,1
血清补体,nhe,1
病毒抗体检测,nhe,1
病毒分离,nhe,1
病原体血清免疫学检测,nhe,1
病毒核酸检测,nhe,1
大便细菌培养,nhe,1
乳铁蛋白、钙卫蛋白,nhe,1
血电解质,nhe,1
大便菌群分析,nhe,1
血高敏CRP,nhe,1
24h尿钠,nhe,1
血游离甲氧基肾上腺素测定,nhe,1
心肌缺血标志物,nhe,1
尿培养,nhe,1
血清前列腺特异抗原（PSA）,nhe,1
血液分析,nhe,1
结石分析,nhe,1
大便隐血试验,nhe,1
皮肤病灶细菌培养,nhe,1
抗链球菌溶血素“O”试验,nhe,1
补体测定,nhe,1
结膜分泌物涂片,nhe,1
结膜刮片,nhe,1
结膜分泌物培养,nhe,1
病毒PCR检测,nhe,1
病毒血清学检查,nhe,1
耳部分泌物细菌培养,nhe,1
C-反应蛋白,nhe,1
24h尿钾,nhe,1
甲氧基去甲肾上腺素测定,nhe,1
血清特异性IgE检测,nhe,1
鼻分泌物涂片,nhe,1
白细胞功能检查,nhe,1
病原检查,nhe,1
血糖测定,nhe,1
细胞免疫功能检查,nhe,1
病损组织活检,nhe,1
血HCG检测,nhe,1
尿液淋病奈瑟菌检测,nhe,1
结核菌培养,nhe,1
支气管镜病理组织学,nhe,1
结核菌核酸检测,nhe,1
胸水化验,nhe,1
γ-干扰素释放试验(IGRA)和结核抗体检测,nhe,1
B型脑钠肽,nhe,1
病理组织学,nhe,1
胃酸分泌功能,nhe,1
血清胃泌素浓度,nhe,1
血清维生素B12浓度,nhe,1
维生素B12吸收试验,nhe,1
血清壁细胞抗体,nhe,1
内因子抗体,nhe,1
骨髓穿刺涂片,nhe,1
病原学检测,nhe,1
心内膜心肌活检,nhe,1
肌钙蛋白,nhe,1
B型钠尿肽,nhe,1
心脏自身抗体,nhe,1
病毒抗体,nhe,1
高敏肌钙蛋白,nhe,1
HbA1c,nhe,1
尿肌酐,nhe,1
尿白蛋白,nhe,1
cTnT,nhe,1
CK-MB,nhe,1
hs-cTn,nhe,1
铅,nhe,1
颜色,nhe,1
尿白蛋白/肌酐比值,nhe,1
尿蛋白定量,nhe,1
口服葡萄糖耐量试验,nhe,1
血高敏 CRP,nhe,1
胸部X线,nhe,1
胸部x线,nhe,1
血浆肾素活性及浓度,nhe,1
血和尿醛固酮,nhe,1
血和尿皮质醇,nhe,1
血游离甲氧基肾上腺素,nhe,1
甲氧基去甲肾上腺素,nhe,1
血或尿儿茶酚胺,nhe,1
肾动脉超声,nhe,1
肾动脉及大血管造影,nhe,1
睡眠呼吸监测,nhe,1
认知功能筛查,nhe,1
口服葡萄糖耐量试验后2h血糖,nhe,1
糖化血红蛋血脂,nhe,1
眼底检查,nhe,1
胰岛素释放试验,nhe,1
C肽释放试验,nhe,1
彩色多普勒超声,nhe,1
数字减影血管造影,nhe,1
磁共振脑血管造影,nhe,1
CT血管造影,nhe,1
氧饱和度,nhe,1
毒理学筛查,nhe,1
血液酒精水平,nhe,1
妊娠试验,nhe,1
动脉血气分析,nhe,1
腰椎穿刺,nhe,1
冠状动脉造影,nhe,1
核素心肌负荷显像,nhe,1
心脏核磁共振,nhe,1
BNP/NT-proBNP,nhe,1
负荷心电图,nhe,1
负荷超声心动图,nhe,1
冠状动脉CT血管成像,nhe,1
CT增强+三维重建（CTU）,nhe,1
CT血管成像（CTA）,nhe,1
Phalen试验,nhe,1
X线牙片,nhe,1
X线胸片,nhe,1
X线钡餐,nhe,1
上尿路超声检查,nhe,1
上腹部超声,nhe,1
光纤维透照,nhe,1
全结肠镜,nhe,1
全脑血管造影（DSA）,nhe,1
内镜超声,nhe,1
前列腺超声,nhe,1
前鼻镜,nhe,1
前鼻镜检查,nhe,1
变应原皮肤点刺实验,nhe,1
后穹窿穿刺,nhe,1
听力学检查,nhe,1
头颅CT、MRI,nhe,1
头颅X线,nhe,1
头颅核磁共振,nhe,1
尿动力学检查,nhe,1
尿流率检查,nhe,1
尿路平片,nhe,1
尿路平片（KUB）,nhe,1
尿道造影,nhe,1
平衡功能检查,nhe,1
心脏磁共振,nhe,1
核成像,nhe,1
止血带试验,nhe,1
牙周病原学检查,nhe,1
特应性斑贴试验,nhe,1
球囊逼出试验,nhe,1
甩头试验,nhe,1
瘘管造影,nhe,1
皮肤点刺试验,nhe,1
盆底肌电图,nhe,1
盆腔CT,nhe,1
盆腔MRI,nhe,1
盆腔器官超声检查,nhe,1
盆腔核磁共振,nhe,1
盆腔超声,nhe,1
眼偏斜试验,nhe,1
眼动检查,nhe,1
眼震检查,nhe,1
睾丸B超,nhe,1
磁共振成像,nhe,1
磁共振排粪造影,nhe,1
磁共振水成像,nhe,1
磁共振血管成像（MRA）,nhe,1
磁共振（MRI）,nhe,1
神经肌电图检查,nhe,1
穿刺抽出脓液,nhe,1
粪便造影,nhe,1
纯音测听检查,nhe,1
经直肠超声,nhe,1
经阴道超声,nhe,1
经颅多普勒超声,nhe,1
经颅彩色多普勒超声,nhe,1
耳声发射检查,nhe,1
耳石症体位实验（位置实验）,nhe,1
耳部CT,nhe,1
耳部影像学检查,nhe,1
肛门直肠镜,nhe,1
肝胆管胆囊收缩素刺激闪烁显像,nhe,1
胃肠传输时间检测,nhe,1
脉氧饱和度,nhe,1
腕部肘击试验,nhe,1
腰椎正侧位X线,nhe,1
腹盆腔超声,nhe,1
腹部MRI,nhe,1
腹部X线,nhe,1
腹部超声,nhe,1
膀胱或尿道造影,nhe,1
荧光显示法,nhe,1
视力检查,nhe,1
诊断性上颌窦穿刺,nhe,1
诊断性鼓膜穿刺术,nhe,1
运动心肺功能,nhe,1
逆行或经皮肾穿刺造影,nhe,1
透光试验,nhe,1
阴道微生态检查,nhe,1
静脉尿路造影,nhe,1
静脉尿路造影检查,nhe,1
静脉尿路造影（IVU）,nhe,1
非增强CT扫描或全泌尿系CT平扫,nhe,1
音叉实验,nhe,1
颅内血管造影,nhe,1
颈部血管超声,nhe,1
颞骨X线,nhe,1
鼓气耳镜,nhe,1
鼻内镜,nhe,1
鼻窦CT,nhe,1
鼻窦MR,nhe,1
冠脉CTA,nhe,1
冠脉造影检查,nhe,1
眼底镜检查,nhe,1
踝肱指数,nhe,1
踝肱指数（ABI）,nhe,1
高敏肌钙蛋白T,nhe,1
肝脏病理组织学,nhe,1
乙肝表面抗原测定,nhe,1
乙肝病毒DNA测定,nhe,1
乙型肝炎病毒DNA测定,nhe,1
乙肝e抗体测定,nhe,1
血清丙氨酸氨基转移酶,nhe,1
血清天门冬氨酸氨基转移酶,nhe,1
乙肝e抗原测定,nhe,1
乙肝病毒DNA定量测定,nhe,1
乙型肝炎病毒DNA定量测定,nhe,1
乙型肝炎e抗体,nhe,1
乙型肝炎e抗原,nhe,1
HBsAg,nhe,1
hbsag,nhe,1
HBSAG,nhe,1
HBVDNA,nhe,1
抗Hbe,nhe,1
抗HBc,nhe,1
TBil,nhe,1
DBil,nhe,1
