/100WBC,wh,1
kg/m2,wh,1
mm,wh,1
ml,wh,1
l,wh,1
d,wh,1
/5万WBC,wh,1
A,wh,1
个/Lp,wh,1
个/LP,wh,1
毫克,wh,1
克,wh,1
千克,wh,1
秒,wh,1
mS/cm,wh,1
升,wh,1
毫升,wh,1
/lp,wh,1
万/mm3,wh,1
/HP,wh,1
/Hp,wh,1
/2x10E5M,wh,1
ug/day,wh,1
S/N,wh,1
mL/d,wh,1
um/s,wh,1
℃,wh,1
IU/ML,wh,1
IU/L,wh,1
IU/l,wh,1
万/ml,wh,1
nmol/l,wh,1
Vol%,wh,1
mIU,wh,1
mIU/ml,wh,1
umol,wh,1
mg,wh,1
g,wh,1
μg,wh,1
KU,wh,1
L,wh,1
C.O.I,wh,1
μmol,wh,1
μmol/d,wh,1
GPL-U/ml,wh,1
g/dl,wh,1
10(GSD),wh,1
ug/24h,wh,1
M/ml,wh,1
mPa.S,wh,1
mPa.s,wh,1
﻿u/l,wh,1
mmHg,wh,1
/hp,wh,1
摄氏度,wh,1
umol/ml,wh,1
ml/s,wh,1
s,wh,1
PEI,wh,1
COI,wh,1
ng/dL,wh,1
ng/dl,wh,1
g/mol.Cr,wh,1
g/molCr,wh,1
mmol,wh,1
mmol/L,wh,1
IU,wh,1
mol,wh,1
度,wh,1
NCU/ml,wh,1
mIU/l,wh,1
mIU/L,wh,1
L/d,wh,1
IU/ml,wh,1
IU/mL,wh,1
S/CO,wh,1
PEIU/ml,wh,1
拷贝/ml,wh,1
u,wh,1
U/mL,wh,1
U/ml,wh,1
10E9/L,wh,1
E12/L,wh,1
fl,wh,1
u/L,wh,1
ng/fl,wh,1
fL,wh,1
mg/24h,wh,1
10^12/L,wh,1
L,wh,1
mEq/L,wh,1
g/L,wh,1
g/l,wh,1
kg,wh,1
g/d,wh,1
g/g,wh,1
Nu/ml,wh,1
leu/μl,wh,1
mg/dL,wh,1
mg/dl,wh,1
c,wh,1
pg,wh,1
ug/dL,wh,1
ug/dl,wh,1
mg/L,wh,1
umol/d,wh,1
umol/L,wh,1
pmol,wh,1
OD,wh,1
/ul,wh,1
um,wh,1
%,wh,1
min,wh,1
Cells/uL,wh,1
copies/ml,wh,1
pmol/L,wh,1
pmol/l,wh,1
个/ul,wh,1
Nkat/l,wh,1
μg/L,wh,1
Index,wh,1
zz,wh,1
Fu,wh,1
U/ML,wh,1
ng/ml/hr,wh,1
个/μl,wh,1
dl,wh,1
mOsm/kg,wh,1
μl,wh,1
%M,wh,1
%L,wh,1
%G,wh,1
d/sc,wh,1
/10E6MNC,wh,1
X10E9,wh,1
pg/mL,wh,1
次,wh,1
分,wh,1
pg/ml,wh,1
min,wh,1
APL-U/ml,wh,1
mm/1小时,wh,1
抑制单位,wh,1
S,wh,1
RU,wh,1
ml,wh,1
ug,wh,1
L,wh,1
mg/mol,wh,1
ug/l,wh,1
cm,wh,1
copy/mL,wh,1
uIU/ml,wh,1
uIU,wh,1
ng/ml,wh,1
ng/mL,wh,1
iu/ml,wh,1
μg/dl,wh,1
mm/h,wh,1
/l,wh,1
10^9/L,wh,1
MPL-U/ml,wh,1
μmol/gCr,wh,1
ug/ml,wh,1
Deg,wh,1
ng/L,wh,1
U/L,wh,1
40ml/min/1.73 m2,wh,1
